"Date (Weeks Starting 1st day of Year)","Merchant","MV - Accepted (MCCY)"
"2017-01-01","BARNEYS NEW YORK","11,082"
"2017-01-01","NORDSTROM","66,166"
"2017-01-01","SAKS.COM","91,384"
"2017-01-02","BARNEYS NEW YORK","19,256"
"2017-01-02","NORDSTROM","96,286"
"2017-01-02","SAKS.COM","69,740"
"2017-01-03","BARNEYS NEW YORK","19,375"
"2017-01-03","NORDSTROM","105,711"
"2017-01-03","SAKS.COM","70,221"
"2017-01-04","BARNEYS NEW YORK","15,745"
"2017-01-04","NORDSTROM","96,431"
"2017-01-04","SAKS.COM","85,225"
"2017-01-05","BARNEYS NEW YORK","3,872"
"2017-01-05","NORDSTROM","85,889"
"2017-01-05","SAKS.COM","66,941"
"2017-01-06","BARNEYS NEW YORK","24,526"
"2017-01-06","NORDSTROM","97,831"
"2017-01-06","SAKS.COM","76,136"
"2017-01-07","BARNEYS NEW YORK","10,392"
"2017-01-07","NORDSTROM","87,766"
"2017-01-07","SAKS.COM","74,864"
"2017-01-08","BARNEYS NEW YORK","6,659"
"2017-01-08","NORDSTROM","100,050"
"2017-01-08","SAKS.COM","74,242"
"2017-01-09","BARNEYS NEW YORK","21,019"
"2017-01-09","NORDSTROM","82,917"
"2017-01-09","SAKS.COM","68,133"
"2017-01-10","BARNEYS NEW YORK","22,657"
"2017-01-10","NORDSTROM","79,001"
"2017-01-10","SAKS.COM","104,634"
"2017-01-11","BARNEYS NEW YORK","21,877"
"2017-01-11","NORDSTROM","80,325"
"2017-01-11","SAKS.COM","90,597"
"2017-01-12","BARNEYS NEW YORK","21,309"
"2017-01-12","NORDSTROM","78,116"
"2017-01-12","SAKS.COM","82,431"
"2017-01-13","BARNEYS NEW YORK","18,796"
"2017-01-13","NORDSTROM","85,677"
"2017-01-13","SAKS.COM","103,754"
"2017-01-14","BARNEYS NEW YORK","12,563"
"2017-01-14","NORDSTROM","83,277"
"2017-01-14","SAKS.COM","92,741"
"2017-01-15","BARNEYS NEW YORK","18,666"
"2017-01-15","NORDSTROM","83,742"
"2017-01-15","SAKS.COM","69,632"
"2017-01-16","BARNEYS NEW YORK","14,498"
"2017-01-16","NORDSTROM","83,584"
"2017-01-16","SAKS.COM","88,636"
"2017-01-17","BARNEYS NEW YORK","9,750"
"2017-01-17","NORDSTROM","91,363"
"2017-01-17","SAKS.COM","88,775"
"2017-01-18","BARNEYS NEW YORK","16,733"
"2017-01-18","NORDSTROM","81,529"
"2017-01-18","SAKS.COM","85,270"
"2017-01-19","BARNEYS NEW YORK","20,668"
"2017-01-19","NORDSTROM","81,509"
"2017-01-19","SAKS.COM","65,114"
"2017-01-20","BARNEYS NEW YORK","16,642"
"2017-01-20","NORDSTROM","76,227"
"2017-01-20","SAKS.COM","80,741"
"2017-01-21","BARNEYS NEW YORK","26,140"
"2017-01-21","NORDSTROM","90,102"
"2017-01-21","SAKS.COM","69,504"
"2017-01-22","BARNEYS NEW YORK","30,228"
"2017-01-22","NORDSTROM","78,076"
"2017-01-22","SAKS.COM","62,560"
"2017-01-23","BARNEYS NEW YORK","17,107"
"2017-01-23","NORDSTROM","91,276"
"2017-01-23","SAKS.COM","62,391"
"2017-01-24","BARNEYS NEW YORK","16,870"
"2017-01-24","NORDSTROM","75,035"
"2017-01-24","SAKS.COM","73,659"
"2017-01-25","BARNEYS NEW YORK","23,438"
"2017-01-25","NORDSTROM","78,697"
"2017-01-25","SAKS.COM","70,023"
"2017-01-26","BARNEYS NEW YORK","22,911"
"2017-01-26","NORDSTROM","84,163"
"2017-01-26","SAKS.COM","78,236"
"2017-01-27","BARNEYS NEW YORK","13,376"
"2017-01-27","NORDSTROM","73,867"
"2017-01-27","SAKS.COM","66,268"
"2017-01-28","BARNEYS NEW YORK","16,763"
"2017-01-28","NORDSTROM","70,442"
"2017-01-28","SAKS.COM","44,375"
"2017-01-29","BARNEYS NEW YORK","12,684"
"2017-01-29","NORDSTROM","95,794"
"2017-01-29","SAKS.COM","51,686"
"2017-01-30","BARNEYS NEW YORK","10,497"
"2017-01-30","NORDSTROM","82,036"
"2017-01-30","SAKS.COM","74,134"
"2017-01-31","BARNEYS NEW YORK","13,824"
"2017-01-31","NORDSTROM","71,942"
"2017-01-31","SAKS.COM","65,936"
"2017-02-01","BARNEYS NEW YORK","16,467"
"2017-02-01","NORDSTROM","90,996"
"2017-02-01","SAKS.COM","61,220"
"2017-02-02","BARNEYS NEW YORK","8,105"
"2017-02-02","NORDSTROM","85,680"
"2017-02-02","SAKS.COM","71,047"
"2017-02-03","BARNEYS NEW YORK","12,914"
"2017-02-03","NORDSTROM","83,934"
"2017-02-03","SAKS.COM","69,748"
"2017-02-04","BARNEYS NEW YORK","14,371"
"2017-02-04","NORDSTROM","92,309"
"2017-02-04","SAKS.COM","64,791"
"2017-02-05","BARNEYS NEW YORK","16,512"
"2017-02-05","NORDSTROM","102,086"
"2017-02-05","SAKS.COM","62,444"
"2017-02-06","BARNEYS NEW YORK","14,668"
"2017-02-06","NORDSTROM","96,433"
"2017-02-06","SAKS.COM","71,758"
"2017-02-07","BARNEYS NEW YORK","21,116"
"2017-02-07","NORDSTROM","91,481"
"2017-02-07","SAKS.COM","66,819"
"2017-02-08","BARNEYS NEW YORK","24,401"
"2017-02-08","NORDSTROM","82,193"
"2017-02-08","SAKS.COM","87,118"
"2017-02-09","BARNEYS NEW YORK","14,111"
"2017-02-09","NORDSTROM","100,655"
"2017-02-09","SAKS.COM","67,843"
"2017-02-10","BARNEYS NEW YORK","17,014"
"2017-02-10","NORDSTROM","88,503"
"2017-02-10","SAKS.COM","70,087"
"2017-02-11","BARNEYS NEW YORK","12,093"
"2017-02-11","NORDSTROM","70,719"
"2017-02-11","SAKS.COM","63,741"
"2017-02-12","BARNEYS NEW YORK","29,764"
"2017-02-12","NORDSTROM","93,304"
"2017-02-12","SAKS.COM","71,987"
"2017-02-13","BARNEYS NEW YORK","17,856"
"2017-02-13","NORDSTROM","81,800"
"2017-02-13","SAKS.COM","74,164"
"2017-02-14","BARNEYS NEW YORK","15,811"
"2017-02-14","NORDSTROM","68,006"
"2017-02-14","SAKS.COM","64,914"
"2017-02-15","BARNEYS NEW YORK","20,326"
"2017-02-15","NORDSTROM","73,296"
"2017-02-15","SAKS.COM","56,515"
"2017-02-16","BARNEYS NEW YORK","24,088"
"2017-02-16","NORDSTROM","95,720"
"2017-02-16","SAKS.COM","45,308"
"2017-02-17","BARNEYS NEW YORK","21,256"
"2017-02-17","NORDSTROM","106,772"
"2017-02-17","SAKS.COM","54,824"
"2017-02-18","BARNEYS NEW YORK","33,499"
"2017-02-18","NORDSTROM","123,702"
"2017-02-18","SAKS.COM","58,892"
"2017-02-19","BARNEYS NEW YORK","41,214"
"2017-02-19","NORDSTROM","111,158"
"2017-02-19","SAKS.COM","50,385"
"2017-02-20","BARNEYS NEW YORK","18,677"
"2017-02-20","NORDSTROM","94,657"
"2017-02-20","SAKS.COM","44,489"
"2017-02-21","BARNEYS NEW YORK","18,634"
"2017-02-21","NORDSTROM","78,738"
"2017-02-21","SAKS.COM","72,598"
"2017-02-22","BARNEYS NEW YORK","25,591"
"2017-02-22","NORDSTROM","90,311"
"2017-02-22","SAKS.COM","91,429"
"2017-02-23","BARNEYS NEW YORK","19,507"
"2017-02-23","NORDSTROM","69,351"
"2017-02-23","SAKS.COM","69,403"
"2017-02-24","BARNEYS NEW YORK","41,164"
"2017-02-24","NORDSTROM","76,005"
"2017-02-24","SAKS.COM","88,358"
"2017-02-25","BARNEYS NEW YORK","18,991"
"2017-02-25","NORDSTROM","107,688"
"2017-02-25","SAKS.COM","54,359"
"2017-02-26","BARNEYS NEW YORK","22,024"
"2017-02-26","NORDSTROM","88,634"
"2017-02-26","SAKS.COM","57,414"
"2017-02-27","BARNEYS NEW YORK","22,415"
"2017-02-27","NORDSTROM","88,744"
"2017-02-27","SAKS.COM","66,840"
"2017-02-28","BARNEYS NEW YORK","23,017"
"2017-02-28","NORDSTROM","100,634"
"2017-02-28","SAKS.COM","66,735"
"2017-03-01","BARNEYS NEW YORK","40,190"
"2017-03-01","NORDSTROM","99,543"
"2017-03-01","SAKS.COM","78,620"
"2017-03-02","BARNEYS NEW YORK","15,446"
"2017-03-02","NORDSTROM","93,443"
"2017-03-02","SAKS.COM","79,368"
"2017-03-03","BARNEYS NEW YORK","38,788"
"2017-03-03","NORDSTROM","93,784"
"2017-03-03","SAKS.COM","63,514"
"2017-03-04","BARNEYS NEW YORK","20,992"
"2017-03-04","NORDSTROM","96,419"
"2017-03-04","SAKS.COM","65,445"
"2017-03-05","BARNEYS NEW YORK","20,930"
"2017-03-05","NORDSTROM","103,522"
"2017-03-05","SAKS.COM","66,486"
"2017-03-06","BARNEYS NEW YORK","18,557"
"2017-03-06","NORDSTROM","94,523"
"2017-03-06","SAKS.COM","69,168"
"2017-03-07","BARNEYS NEW YORK","19,024"
"2017-03-07","NORDSTROM","84,688"
"2017-03-07","SAKS.COM","88,495"
"2017-03-08","BARNEYS NEW YORK","16,890"
"2017-03-08","NORDSTROM","107,532"
"2017-03-08","SAKS.COM","79,592"
"2017-03-09","BARNEYS NEW YORK","17,293"
"2017-03-09","NORDSTROM","92,781"
"2017-03-09","SAKS.COM","92,539"
"2017-03-10","BARNEYS NEW YORK","8,865"
"2017-03-10","NORDSTROM","104,686"
"2017-03-10","SAKS.COM","88,149"
"2017-03-11","BARNEYS NEW YORK","18,794"
"2017-03-11","NORDSTROM","100,879"
"2017-03-11","SAKS.COM","65,954"
"2017-03-12","BARNEYS NEW YORK","32,316"
"2017-03-12","NORDSTROM","106,898"
"2017-03-12","SAKS.COM","93,035"
"2017-03-13","BARNEYS NEW YORK","27,765"
"2017-03-13","NORDSTROM","123,783"
"2017-03-13","SAKS.COM","60,589"
"2017-03-14","BARNEYS NEW YORK","15,369"
"2017-03-14","NORDSTROM","97,868"
"2017-03-14","SAKS.COM","55,247"
"2017-03-15","BARNEYS NEW YORK","22,520"
"2017-03-15","NORDSTROM","88,237"
"2017-03-15","SAKS.COM","96,897"
"2017-03-16","BARNEYS NEW YORK","17,955"
"2017-03-16","NORDSTROM","90,342"
"2017-03-16","SAKS.COM","83,101"
"2017-03-17","BARNEYS NEW YORK","24,540"
"2017-03-17","NORDSTROM","89,959"
"2017-03-17","SAKS.COM","97,208"
"2017-03-18","BARNEYS NEW YORK","18,469"
"2017-03-18","NORDSTROM","105,643"
"2017-03-18","SAKS.COM","95,699"
"2017-03-19","BARNEYS NEW YORK","23,458"
"2017-03-19","NORDSTROM","126,311"
"2017-03-19","SAKS.COM","75,003"
"2017-03-20","BARNEYS NEW YORK","19,982"
"2017-03-20","NORDSTROM","101,007"
"2017-03-20","SAKS.COM","64,953"
"2017-03-21","BARNEYS NEW YORK","24,088"
"2017-03-21","NORDSTROM","103,591"
"2017-03-21","SAKS.COM","51,093"
"2017-03-22","BARNEYS NEW YORK","21,820"
"2017-03-22","NORDSTROM","104,154"
"2017-03-22","SAKS.COM","83,221"
"2017-03-23","BARNEYS NEW YORK","16,041"
"2017-03-23","NORDSTROM","99,095"
"2017-03-23","SAKS.COM","57,563"
"2017-03-24","BARNEYS NEW YORK","13,644"
"2017-03-24","NORDSTROM","95,402"
"2017-03-24","SAKS.COM","86,956"
"2017-03-25","BARNEYS NEW YORK","21,464"
"2017-03-25","NORDSTROM","97,278"
"2017-03-25","SAKS.COM","103,077"
"2017-03-26","BARNEYS NEW YORK","19,219"
"2017-03-26","NORDSTROM","111,808"
"2017-03-26","SAKS.COM","62,738"
"2017-03-27","BARNEYS NEW YORK","13,697"
"2017-03-27","NORDSTROM","98,494"
"2017-03-27","SAKS.COM","112,351"
"2017-03-28","BARNEYS NEW YORK","16,372"
"2017-03-28","NORDSTROM","105,980"
"2017-03-28","SAKS.COM","117,359"
"2017-03-29","BARNEYS NEW YORK","19,471"
"2017-03-29","NORDSTROM","97,590"
"2017-03-29","SAKS.COM","116,525"
"2017-03-30","BARNEYS NEW YORK","23,571"
"2017-03-30","NORDSTROM","98,401"
"2017-03-30","SAKS.COM","99,064"
"2017-03-31","BARNEYS NEW YORK","18,943"
"2017-03-31","NORDSTROM","93,230"
"2017-03-31","SAKS.COM","89,783"
"2017-04-01","BARNEYS NEW YORK","23,485"
"2017-04-01","NORDSTROM","93,556"
"2017-04-01","SAKS.COM","98,663"
"2017-04-02","BARNEYS NEW YORK","19,544"
"2017-04-02","NORDSTROM","108,512"
"2017-04-02","SAKS.COM","117,812"
"2017-04-03","BARNEYS NEW YORK","12,029"
"2017-04-03","NORDSTROM","113,735"
"2017-04-03","SAKS.COM","103,279"
"2017-04-04","BARNEYS NEW YORK","25,520"
"2017-04-04","NORDSTROM","109,397"
"2017-04-04","SAKS.COM","82,845"
"2017-04-05","BARNEYS NEW YORK","24,241"
"2017-04-05","NORDSTROM","102,772"
"2017-04-05","SAKS.COM","65,861"
"2017-04-06","BARNEYS NEW YORK","21,531"
"2017-04-06","NORDSTROM","97,181"
"2017-04-06","SAKS.COM","96,553"
"2017-04-07","BARNEYS NEW YORK","17,609"
"2017-04-07","NORDSTROM","91,595"
"2017-04-07","SAKS.COM","101,322"
"2017-04-08","BARNEYS NEW YORK","20,920"
"2017-04-08","NORDSTROM","111,640"
"2017-04-08","SAKS.COM","54,913"
"2017-04-09","BARNEYS NEW YORK","27,635"
"2017-04-09","NORDSTROM","106,224"
"2017-04-09","SAKS.COM","69,790"
"2017-04-10","BARNEYS NEW YORK","19,509"
"2017-04-10","NORDSTROM","117,227"
"2017-04-10","SAKS.COM","71,247"
"2017-04-11","BARNEYS NEW YORK","26,353"
"2017-04-11","NORDSTROM","85,198"
"2017-04-11","SAKS.COM","51,281"
"2017-04-12","BARNEYS NEW YORK","24,877"
"2017-04-12","NORDSTROM","106,793"
"2017-04-12","SAKS.COM","84,919"
"2017-04-13","BARNEYS NEW YORK","14,805"
"2017-04-13","NORDSTROM","85,912"
"2017-04-13","SAKS.COM","97,627"
"2017-04-14","BARNEYS NEW YORK","15,773"
"2017-04-14","NORDSTROM","104,333"
"2017-04-14","SAKS.COM","60,335"
"2017-04-15","BARNEYS NEW YORK","20,140"
"2017-04-15","NORDSTROM","101,483"
"2017-04-15","SAKS.COM","62,201"
"2017-04-16","BARNEYS NEW YORK","17,976"
"2017-04-16","NORDSTROM","113,455"
"2017-04-16","SAKS.COM","43,770"
"2017-04-17","BARNEYS NEW YORK","13,520"
"2017-04-17","NORDSTROM","119,352"
"2017-04-17","SAKS.COM","75,306"
"2017-04-18","BARNEYS NEW YORK","22,258"
"2017-04-18","NORDSTROM","104,024"
"2017-04-18","SAKS.COM","62,085"
"2017-04-19","BARNEYS NEW YORK","29,238"
"2017-04-19","NORDSTROM","107,257"
"2017-04-19","SAKS.COM","57,272"
"2017-04-20","BARNEYS NEW YORK","16,795"
"2017-04-20","NORDSTROM","124,220"
"2017-04-20","SAKS.COM","69,077"
"2017-04-21","BARNEYS NEW YORK","20,982"
"2017-04-21","NORDSTROM","94,968"
"2017-04-21","SAKS.COM","81,054"
"2017-04-22","BARNEYS NEW YORK","22,090"
"2017-04-22","NORDSTROM","101,761"
"2017-04-22","SAKS.COM","85,676"
"2017-04-23","BARNEYS NEW YORK","13,890"
"2017-04-23","NORDSTROM","108,329"
"2017-04-23","SAKS.COM","87,891"
"2017-04-24","BARNEYS NEW YORK","25,578"
"2017-04-24","NORDSTROM","118,381"
"2017-04-24","SAKS.COM","72,409"
"2017-04-25","BARNEYS NEW YORK","19,594"
"2017-04-25","NORDSTROM","121,402"
"2017-04-25","SAKS.COM","59,832"
"2017-04-26","BARNEYS NEW YORK","17,723"
"2017-04-26","NORDSTROM","100,306"
"2017-04-26","SAKS.COM","62,582"
"2017-04-27","BARNEYS NEW YORK","19,083"
"2017-04-27","NORDSTROM","99,104"
"2017-04-27","SAKS.COM","48,935"
"2017-04-28","BARNEYS NEW YORK","23,457"
"2017-04-28","NORDSTROM","99,396"
"2017-04-28","SAKS.COM","72,695"
"2017-04-29","BARNEYS NEW YORK","28,722"
"2017-04-29","NORDSTROM","111,070"
"2017-04-29","SAKS.COM","79,725"
"2017-04-30","BARNEYS NEW YORK","24,050"
"2017-04-30","NORDSTROM","110,221"
"2017-04-30","SAKS.COM","52,426"
"2017-05-01","BARNEYS NEW YORK","22,793"
"2017-05-01","NORDSTROM","109,480"
"2017-05-01","SAKS.COM","95,556"
"2017-05-02","BARNEYS NEW YORK","32,269"
"2017-05-02","NORDSTROM","113,784"
"2017-05-02","SAKS.COM","111,123"
"2017-05-03","BARNEYS NEW YORK","46,595"
"2017-05-03","NORDSTROM","113,507"
"2017-05-03","SAKS.COM","114,588"
"2017-05-04","BARNEYS NEW YORK","27,307"
"2017-05-04","NORDSTROM","106,764"
"2017-05-04","SAKS.COM","77,617"
"2017-05-05","BARNEYS NEW YORK","42,935"
"2017-05-05","NORDSTROM","92,963"
"2017-05-05","SAKS.COM","93,623"
"2017-05-06","BARNEYS NEW YORK","30,379"
"2017-05-06","NORDSTROM","98,985"
"2017-05-06","SAKS.COM","101,699"
"2017-05-07","BARNEYS NEW YORK","20,022"
"2017-05-07","NORDSTROM","122,503"
"2017-05-07","SAKS.COM","101,196"
"2017-05-08","BARNEYS NEW YORK","22,360"
"2017-05-08","NORDSTROM","108,172"
"2017-05-08","SAKS.COM","83,415"
"2017-05-09","BARNEYS NEW YORK","29,296"
"2017-05-09","NORDSTROM","100,611"
"2017-05-09","SAKS.COM","63,291"
"2017-05-10","BARNEYS NEW YORK","20,331"
"2017-05-10","NORDSTROM","87,842"
"2017-05-10","SAKS.COM","60,040"
"2017-05-11","BARNEYS NEW YORK","27,354"
"2017-05-11","NORDSTROM","102,466"
"2017-05-11","SAKS.COM","66,332"
"2017-05-12","BARNEYS NEW YORK","35,053"
"2017-05-12","NORDSTROM","95,646"
"2017-05-12","SAKS.COM","76,068"
"2017-05-13","BARNEYS NEW YORK","24,811"
"2017-05-13","NORDSTROM","97,266"
"2017-05-13","SAKS.COM","60,941"
"2017-05-14","BARNEYS NEW YORK","27,531"
"2017-05-14","NORDSTROM","126,037"
"2017-05-14","SAKS.COM","55,840"
"2017-05-15","BARNEYS NEW YORK","17,285"
"2017-05-15","NORDSTROM","97,300"
"2017-05-15","SAKS.COM","73,867"
"2017-05-16","BARNEYS NEW YORK","49,583"
"2017-05-16","NORDSTROM","122,952"
"2017-05-16","SAKS.COM","54,579"
"2017-05-17","BARNEYS NEW YORK","28,903"
"2017-05-17","NORDSTROM","102,594"
"2017-05-17","SAKS.COM","66,306"
"2017-05-18","BARNEYS NEW YORK","32,978"
"2017-05-18","NORDSTROM","108,949"
"2017-05-18","SAKS.COM","75,665"
"2017-05-19","BARNEYS NEW YORK","21,067"
"2017-05-19","NORDSTROM","96,734"
"2017-05-19","SAKS.COM","67,376"
"2017-05-20","BARNEYS NEW YORK","25,513"
"2017-05-20","NORDSTROM","94,476"
"2017-05-20","SAKS.COM","78,131"
"2017-05-21","BARNEYS NEW YORK","15,038"
"2017-05-21","NORDSTROM","92,872"
"2017-05-21","SAKS.COM","92,816"
"2017-05-22","BARNEYS NEW YORK","18,658"
"2017-05-22","NORDSTROM","107,854"
"2017-05-22","SAKS.COM","108,299"
"2017-05-23","BARNEYS NEW YORK","43,083"
"2017-05-23","NORDSTROM","111,086"
"2017-05-23","SAKS.COM","157,422"
"2017-05-24","BARNEYS NEW YORK","51,637"
"2017-05-24","NORDSTROM","156,253"
"2017-05-24","SAKS.COM","126,159"
"2017-05-25","BARNEYS NEW YORK","30,362"
"2017-05-25","NORDSTROM","154,776"
"2017-05-25","SAKS.COM","117,574"
"2017-05-26","BARNEYS NEW YORK","33,896"
"2017-05-26","NORDSTROM","131,148"
"2017-05-26","SAKS.COM","111,703"
"2017-05-27","BARNEYS NEW YORK","41,784"
"2017-05-27","NORDSTROM","123,347"
"2017-05-27","SAKS.COM","84,683"
"2017-05-28","BARNEYS NEW YORK","30,330"
"2017-05-28","NORDSTROM","130,145"
"2017-05-28","SAKS.COM","91,979"
"2017-05-29","BARNEYS NEW YORK","46,379"
"2017-05-29","NORDSTROM","116,185"
"2017-05-29","SAKS.COM","99,324"
"2017-05-30","BARNEYS NEW YORK","37,000"
"2017-05-30","NORDSTROM","114,798"
"2017-05-30","SAKS.COM","84,366"
"2017-05-31","BARNEYS NEW YORK","17,219"
"2017-05-31","NORDSTROM","121,274"
"2017-05-31","SAKS.COM","75,934"
"2017-06-01","BARNEYS NEW YORK","23,933"
"2017-06-01","NORDSTROM","127,776"
"2017-06-01","SAKS.COM","93,553"
"2017-06-02","BARNEYS NEW YORK","19,205"
"2017-06-02","NORDSTROM","114,417"
"2017-06-02","SAKS.COM","94,348"
"2017-06-03","BARNEYS NEW YORK","18,635"
"2017-06-03","NORDSTROM","111,611"
"2017-06-03","SAKS.COM","108,499"
"2017-06-04","BARNEYS NEW YORK","30,182"
"2017-06-04","NORDSTROM","109,847"
"2017-06-04","SAKS.COM","94,182"
"2017-06-05","BARNEYS NEW YORK","27,947"
"2017-06-05","NORDSTROM","121,609"
"2017-06-05","SAKS.COM","78,501"
"2017-06-06","BARNEYS NEW YORK","40,413"
"2017-06-06","NORDSTROM","109,282"
"2017-06-06","SAKS.COM","82,267"
"2017-06-07","BARNEYS NEW YORK","16,546"
"2017-06-07","NORDSTROM","117,095"
"2017-06-07","SAKS.COM","110,447"
"2017-06-08","BARNEYS NEW YORK","52,638"
"2017-06-08","NORDSTROM","115,131"
"2017-06-08","SAKS.COM","90,262"
"2017-06-09","BARNEYS NEW YORK","62,310"
"2017-06-09","NORDSTROM","122,273"
"2017-06-09","SAKS.COM","93,108"
"2017-06-10","BARNEYS NEW YORK","32,797"
"2017-06-10","NORDSTROM","111,788"
"2017-06-10","SAKS.COM","69,621"
"2017-06-11","BARNEYS NEW YORK","28,255"
"2017-06-11","NORDSTROM","117,593"
"2017-06-11","SAKS.COM","265,259"
"2017-06-12","BARNEYS NEW YORK","35,567"
"2017-06-12","NORDSTROM","115,845"
"2017-06-12","SAKS.COM","187,131"
"2017-06-13","BARNEYS NEW YORK","29,661"
"2017-06-13","NORDSTROM","111,968"
"2017-06-13","SAKS.COM","176,589"
"2017-06-14","BARNEYS NEW YORK","29,243"
"2017-06-14","NORDSTROM","105,668"
"2017-06-14","SAKS.COM","150,720"
"2017-06-15","BARNEYS NEW YORK","21,000"
"2017-06-15","NORDSTROM","107,481"
"2017-06-15","SAKS.COM","134,093"
"2017-06-16","BARNEYS NEW YORK","41,540"
"2017-06-16","NORDSTROM","109,408"
"2017-06-16","SAKS.COM","128,624"
"2017-06-17","BARNEYS NEW YORK","16,543"
"2017-06-17","NORDSTROM","103,103"
"2017-06-17","SAKS.COM","93,774"
"2017-06-18","BARNEYS NEW YORK","20,828"
"2017-06-18","NORDSTROM","98,168"
"2017-06-18","SAKS.COM","92,375"
"2017-06-19","BARNEYS NEW YORK","21,306"
"2017-06-19","NORDSTROM","99,365"
"2017-06-19","SAKS.COM","88,805"
"2017-06-20","BARNEYS NEW YORK","17,539"
"2017-06-20","NORDSTROM","89,747"
"2017-06-20","SAKS.COM","75,863"
"2017-06-21","BARNEYS NEW YORK","38,852"
"2017-06-21","NORDSTROM","83,568"
"2017-06-21","SAKS.COM","94,703"
"2017-06-22","BARNEYS NEW YORK","17,201"
"2017-06-22","NORDSTROM","86,245"
"2017-06-22","SAKS.COM","103,779"
"2017-06-23","BARNEYS NEW YORK","21,642"
"2017-06-23","NORDSTROM","81,742"
"2017-06-23","SAKS.COM","109,602"
"2017-06-24","BARNEYS NEW YORK","20,055"
"2017-06-24","NORDSTROM","75,681"
"2017-06-24","SAKS.COM","74,924"
"2017-06-25","BARNEYS NEW YORK","29,967"
"2017-06-25","NORDSTROM","86,752"
"2017-06-25","SAKS.COM","69,507"
"2017-06-26","BARNEYS NEW YORK","25,346"
"2017-06-26","NORDSTROM","85,886"
"2017-06-26","SAKS.COM","80,437"
"2017-06-27","BARNEYS NEW YORK","17,531"
"2017-06-27","NORDSTROM","92,376"
"2017-06-27","SAKS.COM","76,046"
"2017-06-28","BARNEYS NEW YORK","46,216"
"2017-06-28","NORDSTROM","86,997"
"2017-06-28","SAKS.COM","216,906"
"2017-06-29","BARNEYS NEW YORK","57,288"
"2017-06-29","NORDSTROM","79,541"
"2017-06-29","SAKS.COM","157,426"
"2017-06-30","BARNEYS NEW YORK","31,848"
"2017-06-30","NORDSTROM","88,093"
"2017-06-30","SAKS.COM","94,462"
"2017-07-01","BARNEYS NEW YORK","31,895"
"2017-07-01","NORDSTROM","84,808"
"2017-07-01","SAKS.COM","118,787"
"2017-07-02","BARNEYS NEW YORK","41,509"
"2017-07-02","NORDSTROM","75,661"
"2017-07-02","SAKS.COM","84,687"
"2017-07-03","BARNEYS NEW YORK","24,281"
"2017-07-03","NORDSTROM","88,376"
"2017-07-03","SAKS.COM","105,023"
"2017-07-04","BARNEYS NEW YORK","22,617"
"2017-07-04","NORDSTROM","74,972"
"2017-07-04","SAKS.COM","132,554"
"2017-07-05","BARNEYS NEW YORK","17,396"
"2017-07-05","NORDSTROM","92,504"
"2017-07-05","SAKS.COM","110,934"
"2017-07-06","BARNEYS NEW YORK","14,686"
"2017-07-06","NORDSTROM","88,409"
"2017-07-06","SAKS.COM","95,438"
"2017-07-07","BARNEYS NEW YORK","15,388"
"2017-07-07","NORDSTROM","68,477"
"2017-07-07","SAKS.COM","104,078"
"2017-07-08","BARNEYS NEW YORK","34,363"
"2017-07-08","NORDSTROM","88,325"
"2017-07-08","SAKS.COM","94,037"
"2017-07-09","BARNEYS NEW YORK","24,601"
"2017-07-09","NORDSTROM","77,457"
"2017-07-09","SAKS.COM","96,387"
"2017-07-10","BARNEYS NEW YORK","27,849"
"2017-07-10","NORDSTROM","87,779"
"2017-07-10","SAKS.COM","142,265"
"2017-07-11","BARNEYS NEW YORK","20,148"
"2017-07-11","NORDSTROM","85,282"
"2017-07-11","SAKS.COM","106,662"
"2017-07-12","BARNEYS NEW YORK","27,028"
"2017-07-12","NORDSTROM","69,857"
"2017-07-12","SAKS.COM","116,557"
"2017-07-13","BARNEYS NEW YORK","19,340"
"2017-07-13","NORDSTROM","63,991"
"2017-07-13","SAKS.COM","101,965"
"2017-07-14","BARNEYS NEW YORK","24,444"
"2017-07-14","NORDSTROM","81,051"
"2017-07-14","SAKS.COM","90,650"
"2017-07-15","BARNEYS NEW YORK","19,500"
"2017-07-15","NORDSTROM","74,014"
"2017-07-15","SAKS.COM","56,049"
"2017-07-16","BARNEYS NEW YORK","18,847"
"2017-07-16","NORDSTROM","81,701"
"2017-07-16","SAKS.COM","74,325"
"2017-07-17","BARNEYS NEW YORK","20,495"
"2017-07-17","NORDSTROM","78,045"
"2017-07-17","SAKS.COM","74,296"
"2017-07-18","BARNEYS NEW YORK","22,954"
"2017-07-18","NORDSTROM","76,892"
"2017-07-18","SAKS.COM","52,290"
"2017-07-19","BARNEYS NEW YORK","22,138"
"2017-07-19","NORDSTROM","82,598"
"2017-07-19","SAKS.COM","90,293"
"2017-07-20","BARNEYS NEW YORK","36,977"
"2017-07-20","NORDSTROM","79,902"
"2017-07-20","SAKS.COM","88,162"
"2017-07-21","BARNEYS NEW YORK","27,519"
"2017-07-21","NORDSTROM","310,247"
"2017-07-21","SAKS.COM","75,642"
"2017-07-22","BARNEYS NEW YORK","18,669"
"2017-07-22","NORDSTROM","203,647"
"2017-07-22","SAKS.COM","67,144"
"2017-07-23","BARNEYS NEW YORK","42,415"
"2017-07-23","NORDSTROM","184,398"
"2017-07-23","SAKS.COM","58,745"
"2017-07-24","BARNEYS NEW YORK","26,707"
"2017-07-24","NORDSTROM","164,565"
"2017-07-24","SAKS.COM","75,852"
"2017-07-25","BARNEYS NEW YORK","25,920"
"2017-07-25","NORDSTROM","160,734"
"2017-07-25","SAKS.COM","87,482"
"2017-07-26","BARNEYS NEW YORK","27,550"
"2017-07-26","NORDSTROM","135,353"
"2017-07-26","SAKS.COM","77,326"
"2017-07-27","BARNEYS NEW YORK","24,239"
"2017-07-27","NORDSTROM","143,762"
"2017-07-27","SAKS.COM","85,910"
"2017-07-28","BARNEYS NEW YORK","21,131"
"2017-07-28","NORDSTROM","130,515"
"2017-07-28","SAKS.COM","83,667"
"2017-07-29","BARNEYS NEW YORK","23,667"
"2017-07-29","NORDSTROM","138,906"
"2017-07-29","SAKS.COM","63,045"
"2017-07-30","BARNEYS NEW YORK","19,207"
"2017-07-30","NORDSTROM","114,975"
"2017-07-30","SAKS.COM","57,547"
"2017-07-31","BARNEYS NEW YORK","16,391"
"2017-07-31","NORDSTROM","141,792"
"2017-07-31","SAKS.COM","82,051"
"2017-08-01","BARNEYS NEW YORK","26,957"
"2017-08-01","NORDSTROM","122,524"
"2017-08-01","SAKS.COM","61,154"
"2017-08-02","BARNEYS NEW YORK","15,618"
"2017-08-02","NORDSTROM","163,243"
"2017-08-02","SAKS.COM","49,243"
"2017-08-03","BARNEYS NEW YORK","27,911"
"2017-08-03","NORDSTROM","133,345"
"2017-08-03","SAKS.COM","57,600"
"2017-08-04","BARNEYS NEW YORK","17,930"
"2017-08-04","NORDSTROM","132,034"
"2017-08-04","SAKS.COM","63,025"
"2017-08-05","BARNEYS NEW YORK","14,959"
"2017-08-05","NORDSTROM","125,098"
"2017-08-05","SAKS.COM","60,798"
"2017-08-06","BARNEYS NEW YORK","17,281"
"2017-08-06","NORDSTROM","165,212"
"2017-08-06","SAKS.COM","64,966"
"2017-08-07","BARNEYS NEW YORK","26,254"
"2017-08-07","NORDSTROM","146,194"
"2017-08-07","SAKS.COM","56,227"
"2017-08-08","BARNEYS NEW YORK","24,383"
"2017-08-08","NORDSTROM","94,950"
"2017-08-08","SAKS.COM","69,986"
"2017-08-09","BARNEYS NEW YORK","26,033"
"2017-08-09","NORDSTROM","97,452"
"2017-08-09","SAKS.COM","41,717"
"2017-08-10","BARNEYS NEW YORK","45,850"
"2017-08-10","NORDSTROM","95,631"
"2017-08-10","SAKS.COM","67,076"
"2017-08-11","BARNEYS NEW YORK","39,606"
"2017-08-11","NORDSTROM","96,968"
"2017-08-11","SAKS.COM","89,529"
"2017-08-12","BARNEYS NEW YORK","30,007"
"2017-08-12","NORDSTROM","84,589"
"2017-08-12","SAKS.COM","78,009"
"2017-08-13","BARNEYS NEW YORK","22,382"
"2017-08-13","NORDSTROM","83,452"
"2017-08-13","SAKS.COM","52,383"
"2017-08-14","BARNEYS NEW YORK","26,733"
"2017-08-14","NORDSTROM","100,008"
"2017-08-14","SAKS.COM","68,473"
"2017-08-15","BARNEYS NEW YORK","26,548"
"2017-08-15","NORDSTROM","111,414"
"2017-08-15","SAKS.COM","72,533"
"2017-08-16","BARNEYS NEW YORK","42,297"
"2017-08-16","NORDSTROM","112,825"
"2017-08-16","SAKS.COM","73,015"
"2017-08-17","BARNEYS NEW YORK","11,874"
"2017-08-17","NORDSTROM","111,226"
"2017-08-17","SAKS.COM","60,053"
"2017-08-18","BARNEYS NEW YORK","24,936"
"2017-08-18","NORDSTROM","91,029"
"2017-08-18","SAKS.COM","77,701"
"2017-08-19","BARNEYS NEW YORK","16,049"
"2017-08-19","NORDSTROM","84,707"
"2017-08-19","SAKS.COM","62,253"
"2017-08-20","BARNEYS NEW YORK","13,634"
"2017-08-20","NORDSTROM","85,504"
"2017-08-20","SAKS.COM","48,148"
"2017-08-21","BARNEYS NEW YORK","28,140"
"2017-08-21","NORDSTROM","102,260"
"2017-08-21","SAKS.COM","74,234"
"2017-08-22","BARNEYS NEW YORK","20,109"
"2017-08-22","NORDSTROM","95,638"
"2017-08-22","SAKS.COM","99,577"
"2017-08-23","BARNEYS NEW YORK","25,202"
"2017-08-23","NORDSTROM","107,167"
"2017-08-23","SAKS.COM","91,726"
"2017-08-24","BARNEYS NEW YORK","27,560"
"2017-08-24","NORDSTROM","114,370"
"2017-08-24","SAKS.COM","81,078"
"2017-08-25","BARNEYS NEW YORK","19,538"
"2017-08-25","NORDSTROM","93,402"
"2017-08-25","SAKS.COM","76,427"
"2017-08-26","BARNEYS NEW YORK","18,254"
"2017-08-26","NORDSTROM","95,855"
"2017-08-26","SAKS.COM","64,104"
"2017-08-27","BARNEYS NEW YORK","34,610"
"2017-08-27","NORDSTROM","98,898"
"2017-08-27","SAKS.COM","69,543"
"2017-08-28","BARNEYS NEW YORK","25,885"
"2017-08-28","NORDSTROM","106,343"
"2017-08-28","SAKS.COM","52,858"
"2017-08-29","BARNEYS NEW YORK","19,239"
"2017-08-29","NORDSTROM","100,661"
"2017-08-29","SAKS.COM","61,712"
"2017-08-30","BARNEYS NEW YORK","26,835"
"2017-08-30","NORDSTROM","97,108"
"2017-08-30","SAKS.COM","43,292"
"2017-08-31","BARNEYS NEW YORK","22,896"
"2017-08-31","NORDSTROM","111,263"
"2017-08-31","SAKS.COM","95,666"
"2017-09-01","BARNEYS NEW YORK","24,952"
"2017-09-01","NORDSTROM","122,996"
"2017-09-01","SAKS.COM","118,588"
"2017-09-02","BARNEYS NEW YORK","23,685"
"2017-09-02","NORDSTROM","117,339"
"2017-09-02","SAKS.COM","105,568"
"2017-09-03","BARNEYS NEW YORK","23,384"
"2017-09-03","NORDSTROM","124,983"
"2017-09-03","SAKS.COM","70,138"
"2017-09-04","BARNEYS NEW YORK","22,483"
"2017-09-04","NORDSTROM","134,937"
"2017-09-04","SAKS.COM","98,667"
"2017-09-05","BARNEYS NEW YORK","23,126"
"2017-09-05","NORDSTROM","117,641"
"2017-09-05","SAKS.COM","69,198"
"2017-09-06","BARNEYS NEW YORK","18,097"
"2017-09-06","NORDSTROM","106,002"
"2017-09-06","SAKS.COM","76,322"
"2017-09-07","BARNEYS NEW YORK","24,610"
"2017-09-07","NORDSTROM","104,708"
"2017-09-07","SAKS.COM","65,084"
"2017-09-08","BARNEYS NEW YORK","30,857"
"2017-09-08","NORDSTROM","111,299"
"2017-09-08","SAKS.COM","69,533"
"2017-09-09","BARNEYS NEW YORK","32,561"
"2017-09-09","NORDSTROM","128,968"
"2017-09-09","SAKS.COM","70,783"
"2017-09-10","BARNEYS NEW YORK","24,283"
"2017-09-10","NORDSTROM","143,517"
"2017-09-10","SAKS.COM","75,358"
"2017-09-11","BARNEYS NEW YORK","31,171"
"2017-09-11","NORDSTROM","138,225"
"2017-09-11","SAKS.COM","74,594"
"2017-09-12","BARNEYS NEW YORK","25,964"
"2017-09-12","NORDSTROM","140,424"
"2017-09-12","SAKS.COM","89,440"
"2017-09-13","BARNEYS NEW YORK","22,376"
"2017-09-13","NORDSTROM","108,680"
"2017-09-13","SAKS.COM","104,420"
"2017-09-14","BARNEYS NEW YORK","25,439"
"2017-09-14","NORDSTROM","114,405"
"2017-09-14","SAKS.COM","90,862"
"2017-09-15","BARNEYS NEW YORK","36,508"
"2017-09-15","NORDSTROM","109,042"
"2017-09-15","SAKS.COM","122,280"
"2017-09-16","BARNEYS NEW YORK","26,849"
"2017-09-16","NORDSTROM","120,330"
"2017-09-16","SAKS.COM","71,685"
"2017-09-17","BARNEYS NEW YORK","21,466"
"2017-09-17","NORDSTROM","126,139"
"2017-09-17","SAKS.COM","83,380"
"2017-09-18","BARNEYS NEW YORK","27,430"
"2017-09-18","NORDSTROM","114,639"
"2017-09-18","SAKS.COM","64,157"
"2017-09-19","BARNEYS NEW YORK","55,256"
"2017-09-19","NORDSTROM","120,072"
"2017-09-19","SAKS.COM","55,032"
"2017-09-20","BARNEYS NEW YORK","27,799"
"2017-09-20","NORDSTROM","122,518"
"2017-09-20","SAKS.COM","62,441"
"2017-09-21","BARNEYS NEW YORK","32,944"
"2017-09-21","NORDSTROM","124,409"
"2017-09-21","SAKS.COM","61,062"
"2017-09-22","BARNEYS NEW YORK","27,935"
"2017-09-22","NORDSTROM","128,516"
"2017-09-22","SAKS.COM","66,768"
"2017-09-23","BARNEYS NEW YORK","30,592"
"2017-09-23","NORDSTROM","134,117"
"2017-09-23","SAKS.COM","68,367"
"2017-09-24","BARNEYS NEW YORK","42,307"
"2017-09-24","NORDSTROM","126,288"
"2017-09-24","SAKS.COM","61,096"
"2017-09-25","BARNEYS NEW YORK","32,540"
"2017-09-25","NORDSTROM","161,881"
"2017-09-25","SAKS.COM","68,076"
"2017-09-26","BARNEYS NEW YORK","36,219"
"2017-09-26","NORDSTROM","116,013"
"2017-09-26","SAKS.COM","120,693"
"2017-09-27","BARNEYS NEW YORK","30,740"
"2017-09-27","NORDSTROM","106,562"
"2017-09-27","SAKS.COM","92,261"
"2017-09-28","BARNEYS NEW YORK","27,918"
"2017-09-28","NORDSTROM","111,696"
"2017-09-28","SAKS.COM","103,511"
"2017-09-29","BARNEYS NEW YORK","17,036"
"2017-09-29","NORDSTROM","114,480"
"2017-09-29","SAKS.COM","78,953"
"2017-09-30","BARNEYS NEW YORK","28,261"
"2017-09-30","NORDSTROM","113,165"
"2017-09-30","SAKS.COM","67,677"
"2017-10-01","BARNEYS NEW YORK","32,360"
"2017-10-01","NORDSTROM","146,954"
"2017-10-01","SAKS.COM","88,555"
"2017-10-02","BARNEYS NEW YORK","33,512"
"2017-10-02","NORDSTROM","128,187"
"2017-10-02","SAKS.COM","122,420"
"2017-10-03","BARNEYS NEW YORK","22,054"
"2017-10-03","NORDSTROM","116,358"
"2017-10-03","SAKS.COM","104,767"
"2017-10-04","BARNEYS NEW YORK","27,565"
"2017-10-04","NORDSTROM","109,294"
"2017-10-04","SAKS.COM","97,093"
"2017-10-05","BARNEYS NEW YORK","33,015"
"2017-10-05","NORDSTROM","122,902"
"2017-10-05","SAKS.COM","112,835"
"2017-10-06","BARNEYS NEW YORK","25,198"
"2017-10-06","NORDSTROM","112,925"
"2017-10-06","SAKS.COM","94,038"
"2017-10-07","BARNEYS NEW YORK","25,032"
"2017-10-07","NORDSTROM","113,344"
"2017-10-07","SAKS.COM","99,043"
"2017-10-08","BARNEYS NEW YORK","33,597"
"2017-10-08","NORDSTROM","124,723"
"2017-10-08","SAKS.COM","106,185"
"2017-10-09","BARNEYS NEW YORK","24,252"
"2017-10-09","NORDSTROM","121,434"
"2017-10-09","SAKS.COM","66,395"
"2017-10-10","BARNEYS NEW YORK","51,766"
"2017-10-10","NORDSTROM","115,349"
"2017-10-10","SAKS.COM","54,096"
"2017-10-11","BARNEYS NEW YORK","30,367"
"2017-10-11","NORDSTROM","117,170"
"2017-10-11","SAKS.COM","64,238"
"2017-10-12","BARNEYS NEW YORK","34,162"
"2017-10-12","NORDSTROM","124,229"
"2017-10-12","SAKS.COM","118,726"
"2017-10-13","BARNEYS NEW YORK","35,897"
"2017-10-13","NORDSTROM","111,772"
"2017-10-13","SAKS.COM","142,753"
"2017-10-14","BARNEYS NEW YORK","37,632"
"2017-10-14","NORDSTROM","135,467"
"2017-10-14","SAKS.COM","76,099"
"2017-10-15","BARNEYS NEW YORK","15,062"
"2017-10-15","NORDSTROM","134,112"
"2017-10-15","SAKS.COM","86,739"
"2017-10-16","BARNEYS NEW YORK","25,922"
"2017-10-16","NORDSTROM","126,129"
"2017-10-16","SAKS.COM","110,983"
"2017-10-17","BARNEYS NEW YORK","25,184"
"2017-10-17","NORDSTROM","116,589"
"2017-10-17","SAKS.COM","74,272"
"2017-10-18","BARNEYS NEW YORK","29,956"
"2017-10-18","NORDSTROM","110,135"
"2017-10-18","SAKS.COM","67,937"
"2017-10-19","BARNEYS NEW YORK","45,129"
"2017-10-19","NORDSTROM","108,815"
"2017-10-19","SAKS.COM","57,095"
"2017-10-20","BARNEYS NEW YORK","19,785"
"2017-10-20","NORDSTROM","96,433"
"2017-10-20","SAKS.COM","62,512"
"2017-10-21","BARNEYS NEW YORK","17,220"
"2017-10-21","NORDSTROM","116,595"
"2017-10-21","SAKS.COM","59,668"
"2017-10-22","BARNEYS NEW YORK","46,745"
"2017-10-22","NORDSTROM","114,131"
"2017-10-22","SAKS.COM","66,544"
"2017-10-23","BARNEYS NEW YORK","26,593"
"2017-10-23","NORDSTROM","122,854"
"2017-10-23","SAKS.COM","82,344"
"2017-10-24","BARNEYS NEW YORK","25,761"
"2017-10-24","NORDSTROM","103,614"
"2017-10-24","SAKS.COM","62,961"
"2017-10-25","BARNEYS NEW YORK","27,401"
"2017-10-25","NORDSTROM","115,905"
"2017-10-25","SAKS.COM","57,368"
"2017-10-26","BARNEYS NEW YORK","29,584"
"2017-10-26","NORDSTROM","114,423"
"2017-10-26","SAKS.COM","83,148"
"2017-10-27","BARNEYS NEW YORK","38,686"
"2017-10-27","NORDSTROM","129,200"
"2017-10-27","SAKS.COM","90,217"
"2017-10-28","BARNEYS NEW YORK","26,312"
"2017-10-28","NORDSTROM","111,931"
"2017-10-28","SAKS.COM","97,802"
"2017-10-29","BARNEYS NEW YORK","27,927"
"2017-10-29","NORDSTROM","127,039"
"2017-10-29","SAKS.COM","77,626"
"2017-10-30","BARNEYS NEW YORK","22,904"
"2017-10-30","NORDSTROM","130,162"
"2017-10-30","SAKS.COM","117,712"
"2017-10-31","BARNEYS NEW YORK","18,053"
"2017-10-31","NORDSTROM","135,756"
"2017-10-31","SAKS.COM","91,403"
"2017-11-01","BARNEYS NEW YORK","34,974"
"2017-11-01","NORDSTROM","117,188"
"2017-11-01","SAKS.COM","103,573"
"2017-11-02","BARNEYS NEW YORK","35,611"
"2017-11-02","NORDSTROM","159,927"
"2017-11-02","SAKS.COM","98,213"
"2017-11-03","BARNEYS NEW YORK","41,896"
"2017-11-03","NORDSTROM","132,294"
"2017-11-03","SAKS.COM","93,921"
"2017-11-04","BARNEYS NEW YORK","31,036"
"2017-11-04","NORDSTROM","145,018"
"2017-11-04","SAKS.COM","96,886"
"2017-11-05","BARNEYS NEW YORK","30,382"
"2017-11-05","NORDSTROM","161,372"
"2017-11-05","SAKS.COM","119,870"
"2017-11-06","BARNEYS NEW YORK","45,472"
"2017-11-06","NORDSTROM","142,350"
"2017-11-06","SAKS.COM","111,930"
"2017-11-07","BARNEYS NEW YORK","24,301"
"2017-11-07","NORDSTROM","145,977"
"2017-11-07","SAKS.COM","74,446"
"2017-11-08","BARNEYS NEW YORK","41,913"
"2017-11-08","NORDSTROM","126,042"
"2017-11-08","SAKS.COM","127,502"
"2017-11-09","BARNEYS NEW YORK","44,359"
"2017-11-09","NORDSTROM","137,601"
"2017-11-09","SAKS.COM","147,923"
"2017-11-10","BARNEYS NEW YORK","30,661"
"2017-11-10","NORDSTROM","133,374"
"2017-11-10","SAKS.COM","131,196"
"2017-11-11","BARNEYS NEW YORK","33,230"
"2017-11-11","NORDSTROM","137,390"
"2017-11-11","SAKS.COM","91,476"
"2017-11-12","BARNEYS NEW YORK","38,835"
"2017-11-12","NORDSTROM","148,705"
"2017-11-12","SAKS.COM","92,169"
"2017-11-13","BARNEYS NEW YORK","35,806"
"2017-11-13","NORDSTROM","169,246"
"2017-11-13","SAKS.COM","65,769"
"2017-11-14","BARNEYS NEW YORK","46,898"
"2017-11-14","NORDSTROM","124,057"
"2017-11-14","SAKS.COM","87,456"
"2017-11-15","BARNEYS NEW YORK","40,299"
"2017-11-15","NORDSTROM","131,141"
"2017-11-15","SAKS.COM","114,281"
"2017-11-16","BARNEYS NEW YORK","34,989"
"2017-11-16","NORDSTROM","140,161"
"2017-11-16","SAKS.COM","90,517"
"2017-11-17","BARNEYS NEW YORK","27,773"
"2017-11-17","NORDSTROM","129,845"
"2017-11-17","SAKS.COM","114,630"
"2017-11-18","BARNEYS NEW YORK","36,452"
"2017-11-18","NORDSTROM","121,292"
"2017-11-18","SAKS.COM","83,778"
"2017-11-19","BARNEYS NEW YORK","38,954"
"2017-11-19","NORDSTROM","137,865"
"2017-11-19","SAKS.COM","139,593"
"2017-11-20","BARNEYS NEW YORK","36,400"
"2017-11-20","NORDSTROM","147,366"
"2017-11-20","SAKS.COM","114,713"
"2017-11-21","BARNEYS NEW YORK","113,705"
"2017-11-21","NORDSTROM","176,270"
"2017-11-21","SAKS.COM","204,426"
"2017-11-22","BARNEYS NEW YORK","79,996"
"2017-11-22","NORDSTROM","204,710"
"2017-11-22","SAKS.COM","298,537"
"2017-11-23","BARNEYS NEW YORK","122,697"
"2017-11-23","NORDSTROM","433,142"
"2017-11-23","SAKS.COM","252,708"
"2017-11-24","BARNEYS NEW YORK","129,405"
"2017-11-24","NORDSTROM","644,257"
"2017-11-24","SAKS.COM","324,546"
"2017-11-25","BARNEYS NEW YORK","78,145"
"2017-11-25","NORDSTROM","437,275"
"2017-11-25","SAKS.COM","197,179"
"2017-11-26","BARNEYS NEW YORK","63,346"
"2017-11-26","NORDSTROM","359,532"
"2017-11-26","SAKS.COM","126,151"
"2017-11-27","BARNEYS NEW YORK","97,975"
"2017-11-27","NORDSTROM","408,223"
"2017-11-27","SAKS.COM","168,000"
"2017-11-28","BARNEYS NEW YORK","63,892"
"2017-11-28","NORDSTROM","276,539"
"2017-11-28","SAKS.COM","116,597"
"2017-11-29","BARNEYS NEW YORK","35,072"
"2017-11-29","NORDSTROM","119,865"
"2017-11-29","SAKS.COM","105,327"
"2017-11-30","BARNEYS NEW YORK","28,842"
"2017-11-30","NORDSTROM","132,264"
"2017-11-30","SAKS.COM","118,044"
"2017-12-01","BARNEYS NEW YORK","76,247"
"2017-12-01","NORDSTROM","124,507"
"2017-12-01","SAKS.COM","104,174"
"2017-12-02","BARNEYS NEW YORK","52,732"
"2017-12-02","NORDSTROM","142,852"
"2017-12-02","SAKS.COM","107,297"
"2017-12-03","BARNEYS NEW YORK","44,358"
"2017-12-03","NORDSTROM","164,214"
"2017-12-03","SAKS.COM","148,556"
"2017-12-04","BARNEYS NEW YORK","43,399"
"2017-12-04","NORDSTROM","152,592"
"2017-12-04","SAKS.COM","115,819"
"2017-12-05","BARNEYS NEW YORK","43,201"
"2017-12-05","NORDSTROM","168,383"
"2017-12-05","SAKS.COM","134,513"
"2017-12-06","BARNEYS NEW YORK","48,352"
"2017-12-06","NORDSTROM","171,168"
"2017-12-06","SAKS.COM","120,792"
"2017-12-07","BARNEYS NEW YORK","31,391"
"2017-12-07","NORDSTROM","140,258"
"2017-12-07","SAKS.COM","128,468"
"2017-12-08","BARNEYS NEW YORK","78,187"
"2017-12-08","NORDSTROM","146,296"
"2017-12-08","SAKS.COM","121,360"
"2017-12-09","BARNEYS NEW YORK","71,471"
"2017-12-09","NORDSTROM","145,649"
"2017-12-09","SAKS.COM","112,645"
"2017-12-10","BARNEYS NEW YORK","56,073"
"2017-12-10","NORDSTROM","162,582"
"2017-12-10","SAKS.COM","137,551"
"2017-12-11","BARNEYS NEW YORK","39,147"
"2017-12-11","NORDSTROM","173,506"
"2017-12-11","SAKS.COM","137,919"
"2017-12-12","BARNEYS NEW YORK","50,876"
"2017-12-12","NORDSTROM","154,286"
"2017-12-12","SAKS.COM","217,768"
"2017-12-13","BARNEYS NEW YORK","65,716"
"2017-12-13","NORDSTROM","150,257"
"2017-12-13","SAKS.COM","193,711"
"2017-12-14","BARNEYS NEW YORK","49,014"
"2017-12-14","NORDSTROM","119,682"
"2017-12-14","SAKS.COM","168,785"
"2017-12-15","BARNEYS NEW YORK","52,433"
"2017-12-15","NORDSTROM","124,078"
"2017-12-15","SAKS.COM","170,655"
"2017-12-16","BARNEYS NEW YORK","29,048"
"2017-12-16","NORDSTROM","117,579"
"2017-12-16","SAKS.COM","166,474"
"2017-12-17","BARNEYS NEW YORK","40,730"
"2017-12-17","NORDSTROM","116,768"
"2017-12-17","SAKS.COM","170,719"
"2017-12-18","BARNEYS NEW YORK","41,206"
"2017-12-18","NORDSTROM","106,277"
"2017-12-18","SAKS.COM","128,539"
"2017-12-19","BARNEYS NEW YORK","26,352"
"2017-12-19","NORDSTROM","83,165"
"2017-12-19","SAKS.COM","73,476"
"2017-12-20","BARNEYS NEW YORK","46,648"
"2017-12-20","NORDSTROM","88,343"
"2017-12-20","SAKS.COM","70,353"
"2017-12-21","BARNEYS NEW YORK","30,350"
"2017-12-21","NORDSTROM","79,429"
"2017-12-21","SAKS.COM","51,553"
"2017-12-22","BARNEYS NEW YORK","34,490"
"2017-12-22","NORDSTROM","74,994"
"2017-12-22","SAKS.COM","85,035"
"2017-12-23","BARNEYS NEW YORK","24,659"
"2017-12-23","NORDSTROM","70,838"
"2017-12-23","SAKS.COM","117,555"
"2017-12-24","BARNEYS NEW YORK","36,921"
"2017-12-24","NORDSTROM","65,501"
"2017-12-24","SAKS.COM","138,769"
"2017-12-25","BARNEYS NEW YORK","24,676"
"2017-12-25","NORDSTROM","80,835"
"2017-12-25","SAKS.COM","265,513"
"2017-12-26","BARNEYS NEW YORK","26,695"
"2017-12-26","NORDSTROM","222,096"
"2017-12-26","SAKS.COM","323,012"
"2017-12-27","BARNEYS NEW YORK","29,114"
"2017-12-27","NORDSTROM","189,652"
"2017-12-27","SAKS.COM","167,515"
"2017-12-28","BARNEYS NEW YORK","31,967"
"2017-12-28","NORDSTROM","150,770"
"2017-12-28","SAKS.COM","107,092"
"2017-12-29","BARNEYS NEW YORK","20,221"
"2017-12-29","NORDSTROM","142,418"
"2017-12-29","SAKS.COM","102,502"
"2017-12-30","BARNEYS NEW YORK","19,325"
"2017-12-30","NORDSTROM","141,451"
"2017-12-30","SAKS.COM","155,257"
"2017-12-31","BARNEYS NEW YORK","32,374"
"2017-12-31","NORDSTROM","114,001"
"2017-12-31","SAKS.COM","158,161"
"2018-01-01","BARNEYS NEW YORK","37,089"
"2018-01-01","NORDSTROM","89,029"
"2018-01-01","SAKS.COM","107,745"
"2018-01-02","BARNEYS NEW YORK","35,569"
"2018-01-02","NORDSTROM","132,968"
"2018-01-02","SAKS.COM","115,480"
"2018-01-03","BARNEYS NEW YORK","34,547"
"2018-01-03","NORDSTROM","130,305"
"2018-01-03","SAKS.COM","124,603"
"2018-01-04","BARNEYS NEW YORK","42,078"
"2018-01-04","NORDSTROM","120,270"
"2018-01-04","SAKS.COM","130,537"
"2018-01-05","BARNEYS NEW YORK","32,791"
"2018-01-05","NORDSTROM","118,547"
"2018-01-05","SAKS.COM","132,316"
"2018-01-06","BARNEYS NEW YORK","28,942"
"2018-01-06","NORDSTROM","117,532"
"2018-01-06","SAKS.COM","121,717"
"2018-01-07","BARNEYS NEW YORK","10,052"
"2018-01-07","NORDSTROM","116,743"
"2018-01-07","SAKS.COM","125,168"
"2018-01-08","BARNEYS NEW YORK","20,082"
"2018-01-08","NORDSTROM","117,317"
"2018-01-08","SAKS.COM","115,105"
"2018-01-09","BARNEYS NEW YORK","24,489"
"2018-01-09","NORDSTROM","124,385"
"2018-01-09","SAKS.COM","104,266"
"2018-01-10","BARNEYS NEW YORK","20,453"
"2018-01-10","NORDSTROM","125,058"
"2018-01-10","SAKS.COM","117,974"
"2018-01-11","BARNEYS NEW YORK","41,252"
"2018-01-11","NORDSTROM","122,087"
"2018-01-11","SAKS.COM","87,040"
"2018-01-12","BARNEYS NEW YORK","35,819"
"2018-01-12","NORDSTROM","124,941"
"2018-01-12","SAKS.COM","144,000"
"2018-01-13","BARNEYS NEW YORK","47,389"
"2018-01-13","NORDSTROM","126,986"
"2018-01-13","SAKS.COM","136,993"
"2018-01-14","BARNEYS NEW YORK","20,414"
"2018-01-14","NORDSTROM","130,215"
"2018-01-14","SAKS.COM","87,947"
"2018-01-15","BARNEYS NEW YORK","24,928"
"2018-01-15","NORDSTROM","133,622"
"2018-01-15","SAKS.COM","79,800"
"2018-01-16","BARNEYS NEW YORK","17,640"
"2018-01-16","NORDSTROM","126,172"
"2018-01-16","SAKS.COM","99,295"
"2018-01-17","BARNEYS NEW YORK","23,617"
"2018-01-17","NORDSTROM","121,416"
"2018-01-17","SAKS.COM","87,346"
"2018-01-18","BARNEYS NEW YORK","15,886"
"2018-01-18","NORDSTROM","122,135"
"2018-01-18","SAKS.COM","48,684"
"2018-01-19","BARNEYS NEW YORK","50,959"
"2018-01-19","NORDSTROM","121,948"
"2018-01-19","SAKS.COM","48,939"
"2018-01-20","BARNEYS NEW YORK","53,195"
"2018-01-20","NORDSTROM","125,574"
"2018-01-20","SAKS.COM","45,202"
"2018-01-21","BARNEYS NEW YORK","36,614"
"2018-01-21","NORDSTROM","133,683"
"2018-01-21","SAKS.COM","36,711"
"2018-01-22","BARNEYS NEW YORK","22,316"
"2018-01-22","NORDSTROM","122,730"
"2018-01-22","SAKS.COM","89,955"
"2018-01-23","BARNEYS NEW YORK","43,225"
"2018-01-23","NORDSTROM","120,208"
"2018-01-23","SAKS.COM","117,953"
"2018-01-24","BARNEYS NEW YORK","42,284"
"2018-01-24","NORDSTROM","137,823"
"2018-01-24","SAKS.COM","192,945"
"2018-01-25","BARNEYS NEW YORK","24,521"
"2018-01-25","NORDSTROM","139,599"
"2018-01-25","SAKS.COM","143,421"
"2018-01-26","BARNEYS NEW YORK","56,066"
"2018-01-26","NORDSTROM","117,350"
"2018-01-26","SAKS.COM","96,751"
"2018-01-27","BARNEYS NEW YORK","42,959"
"2018-01-27","NORDSTROM","116,504"
"2018-01-27","SAKS.COM","87,267"
"2018-01-28","BARNEYS NEW YORK","31,830"
"2018-01-28","NORDSTROM","128,795"
"2018-01-28","SAKS.COM","88,662"
"2018-01-29","BARNEYS NEW YORK","45,805"
"2018-01-29","NORDSTROM","122,152"
"2018-01-29","SAKS.COM","105,161"
"2018-01-30","BARNEYS NEW YORK","22,522"
"2018-01-30","NORDSTROM","128,315"
"2018-01-30","SAKS.COM","109,352"
"2018-01-31","BARNEYS NEW YORK","16,827"
"2018-01-31","NORDSTROM","114,555"
"2018-01-31","SAKS.COM","102,567"
"2018-02-01","BARNEYS NEW YORK","34,807"
"2018-02-01","NORDSTROM","108,917"
"2018-02-01","SAKS.COM","97,236"
"2018-02-02","BARNEYS NEW YORK","29,355"
"2018-02-02","NORDSTROM","106,495"
"2018-02-02","SAKS.COM","81,803"
"2018-02-03","BARNEYS NEW YORK","42,153"
"2018-02-03","NORDSTROM","127,331"
"2018-02-03","SAKS.COM","93,880"
"2018-02-04","BARNEYS NEW YORK","32,894"
"2018-02-04","NORDSTROM","132,514"
"2018-02-04","SAKS.COM","83,196"
"2018-02-05","BARNEYS NEW YORK","26,979"
"2018-02-05","NORDSTROM","99,314"
"2018-02-05","SAKS.COM","67,013"
"2018-02-06","BARNEYS NEW YORK","33,954"
"2018-02-06","NORDSTROM","110,950"
"2018-02-06","SAKS.COM","99,993"
"2018-02-07","BARNEYS NEW YORK","15,389"
"2018-02-07","NORDSTROM","126,721"
"2018-02-07","SAKS.COM","97,007"
"2018-02-08","BARNEYS NEW YORK","16,953"
"2018-02-08","NORDSTROM","129,812"
"2018-02-08","SAKS.COM","122,181"
"2018-02-09","BARNEYS NEW YORK","28,905"
"2018-02-09","NORDSTROM","93,631"
"2018-02-09","SAKS.COM","89,727"
"2018-02-10","BARNEYS NEW YORK","15,212"
"2018-02-10","NORDSTROM","107,264"
"2018-02-10","SAKS.COM","76,302"
"2018-02-11","BARNEYS NEW YORK","29,722"
"2018-02-11","NORDSTROM","134,324"
"2018-02-11","SAKS.COM","81,322"
"2018-02-12","BARNEYS NEW YORK","23,298"
"2018-02-12","NORDSTROM","118,914"
"2018-02-12","SAKS.COM","88,149"
"2018-02-13","BARNEYS NEW YORK","17,114"
"2018-02-13","NORDSTROM","106,323"
"2018-02-13","SAKS.COM","91,333"
"2018-02-14","BARNEYS NEW YORK","24,291"
"2018-02-14","NORDSTROM","96,237"
"2018-02-14","SAKS.COM","98,107"
"2018-02-15","BARNEYS NEW YORK","12,609"
"2018-02-15","NORDSTROM","98,981"
"2018-02-15","SAKS.COM","148,647"
"2018-02-16","BARNEYS NEW YORK","17,607"
"2018-02-16","NORDSTROM","112,730"
"2018-02-16","SAKS.COM","96,636"
"2018-02-17","BARNEYS NEW YORK","28,958"
"2018-02-17","NORDSTROM","103,222"
"2018-02-17","SAKS.COM","69,222"
"2018-02-18","BARNEYS NEW YORK","21,656"
"2018-02-18","NORDSTROM","115,887"
"2018-02-18","SAKS.COM","71,093"
"2018-02-19","BARNEYS NEW YORK","19,147"
"2018-02-19","NORDSTROM","127,085"
"2018-02-19","SAKS.COM","62,571"
"2018-02-20","BARNEYS NEW YORK","27,966"
"2018-02-20","NORDSTROM","137,213"
"2018-02-20","SAKS.COM","61,878"
"2018-02-21","BARNEYS NEW YORK","26,053"
"2018-02-21","NORDSTROM","120,634"
"2018-02-21","SAKS.COM","85,979"
"2018-02-22","BARNEYS NEW YORK","23,056"
"2018-02-22","NORDSTROM","120,283"
"2018-02-22","SAKS.COM","75,167"
"2018-02-23","BARNEYS NEW YORK","15,775"
"2018-02-23","NORDSTROM","119,178"
"2018-02-23","SAKS.COM","77,864"
"2018-02-24","BARNEYS NEW YORK","29,754"
"2018-02-24","NORDSTROM","121,753"
"2018-02-24","SAKS.COM","82,463"
"2018-02-25","BARNEYS NEW YORK","18,590"
"2018-02-25","NORDSTROM","146,534"
"2018-02-25","SAKS.COM","82,096"
"2018-02-26","BARNEYS NEW YORK","19,145"
"2018-02-26","NORDSTROM","135,863"
"2018-02-26","SAKS.COM","69,928"
"2018-02-27","BARNEYS NEW YORK","23,645"
"2018-02-27","NORDSTROM","133,164"
"2018-02-27","SAKS.COM","114,547"
"2018-02-28","BARNEYS NEW YORK","19,471"
"2018-02-28","NORDSTROM","128,946"
"2018-02-28","SAKS.COM","130,481"
"2018-03-01","BARNEYS NEW YORK","31,156"
"2018-03-01","NORDSTROM","108,679"
"2018-03-01","SAKS.COM","92,314"
"2018-03-02","BARNEYS NEW YORK","34,844"
"2018-03-02","NORDSTROM","112,700"
"2018-03-02","SAKS.COM","61,004"
"2018-03-03","BARNEYS NEW YORK","18,466"
"2018-03-03","NORDSTROM","119,919"
"2018-03-03","SAKS.COM","70,351"
"2018-03-04","BARNEYS NEW YORK","29,124"
"2018-03-04","NORDSTROM","115,019"
"2018-03-04","SAKS.COM","68,624"
"2018-03-05","BARNEYS NEW YORK","22,653"
"2018-03-05","NORDSTROM","105,786"
"2018-03-05","SAKS.COM","78,705"
"2018-03-06","BARNEYS NEW YORK","27,297"
"2018-03-06","NORDSTROM","115,088"
"2018-03-06","SAKS.COM","91,304"
"2018-03-07","BARNEYS NEW YORK","21,783"
"2018-03-07","NORDSTROM","119,966"
"2018-03-07","SAKS.COM","75,977"
"2018-03-08","BARNEYS NEW YORK","12,344"
"2018-03-08","NORDSTROM","125,917"
"2018-03-08","SAKS.COM","71,214"
"2018-03-09","BARNEYS NEW YORK","20,432"
"2018-03-09","NORDSTROM","117,811"
"2018-03-09","SAKS.COM","75,964"
"2018-03-10","BARNEYS NEW YORK","10,712"
"2018-03-10","NORDSTROM","110,197"
"2018-03-10","SAKS.COM","72,385"
"2018-03-11","BARNEYS NEW YORK","21,147"
"2018-03-11","NORDSTROM","128,613"
"2018-03-11","SAKS.COM","84,863"
"2018-03-12","BARNEYS NEW YORK","23,586"
"2018-03-12","NORDSTROM","129,721"
"2018-03-12","SAKS.COM","105,014"
"2018-03-13","BARNEYS NEW YORK","29,274"
"2018-03-13","NORDSTROM","115,485"
"2018-03-13","SAKS.COM","123,421"
"2018-03-14","BARNEYS NEW YORK","24,678"
"2018-03-14","NORDSTROM","115,811"
"2018-03-14","SAKS.COM","116,103"
"2018-03-15","BARNEYS NEW YORK","28,372"
"2018-03-15","NORDSTROM","127,568"
"2018-03-15","SAKS.COM","124,359"
"2018-03-16","BARNEYS NEW YORK","18,820"
"2018-03-16","NORDSTROM","117,024"
"2018-03-16","SAKS.COM","128,230"
"2018-03-17","BARNEYS NEW YORK","38,039"
"2018-03-17","NORDSTROM","120,068"
"2018-03-17","SAKS.COM","75,008"
"2018-03-18","BARNEYS NEW YORK","35,975"
"2018-03-18","NORDSTROM","120,270"
"2018-03-18","SAKS.COM","108,607"
"2018-03-19","BARNEYS NEW YORK","40,956"
"2018-03-19","NORDSTROM","125,449"
"2018-03-19","SAKS.COM","91,570"
"2018-03-20","BARNEYS NEW YORK","40,387"
"2018-03-20","NORDSTROM","122,451"
"2018-03-20","SAKS.COM","81,041"
"2018-03-21","BARNEYS NEW YORK","31,314"
"2018-03-21","NORDSTROM","119,650"
"2018-03-21","SAKS.COM","93,770"
"2018-03-22","BARNEYS NEW YORK","44,243"
"2018-03-22","NORDSTROM","115,144"
"2018-03-22","SAKS.COM","105,727"
"2018-03-23","BARNEYS NEW YORK","26,684"
"2018-03-23","NORDSTROM","118,002"
"2018-03-23","SAKS.COM","85,701"
"2018-03-24","BARNEYS NEW YORK","29,161"
"2018-03-24","NORDSTROM","148,265"
"2018-03-24","SAKS.COM","68,021"
"2018-03-25","BARNEYS NEW YORK","35,858"
"2018-03-25","NORDSTROM","140,588"
"2018-03-25","SAKS.COM","72,612"
"2018-03-26","BARNEYS NEW YORK","32,801"
"2018-03-26","NORDSTROM","117,363"
"2018-03-26","SAKS.COM","73,220"
"2018-03-27","BARNEYS NEW YORK","22,248"
"2018-03-27","NORDSTROM","111,178"
"2018-03-27","SAKS.COM","123,194"
"2018-03-28","BARNEYS NEW YORK","20,879"
"2018-03-28","NORDSTROM","104,998"
"2018-03-28","SAKS.COM","85,405"
"2018-03-29","BARNEYS NEW YORK","36,123"
"2018-03-29","NORDSTROM","120,976"
"2018-03-29","SAKS.COM","84,369"
"2018-03-30","BARNEYS NEW YORK","28,174"
"2018-03-30","NORDSTROM","106,788"
"2018-03-30","SAKS.COM","144,239"
"2018-03-31","BARNEYS NEW YORK","23,925"
"2018-03-31","NORDSTROM","98,356"
"2018-03-31","SAKS.COM","132,565"
"2018-04-01","BARNEYS NEW YORK","38,204"
"2018-04-01","NORDSTROM","113,403"
"2018-04-01","SAKS.COM","78,783"
"2018-04-02","BARNEYS NEW YORK","28,836"
"2018-04-02","NORDSTROM","123,784"
"2018-04-02","SAKS.COM","121,503"
"2018-04-03","BARNEYS NEW YORK","26,846"
"2018-04-03","NORDSTROM","124,202"
"2018-04-03","SAKS.COM","150,226"
"2018-04-04","BARNEYS NEW YORK","28,265"
"2018-04-04","NORDSTROM","124,275"
"2018-04-04","SAKS.COM","144,318"
"2018-04-05","BARNEYS NEW YORK","22,327"
"2018-04-05","NORDSTROM","143,025"
"2018-04-05","SAKS.COM","128,053"
"2018-04-06","BARNEYS NEW YORK","22,750"
"2018-04-06","NORDSTROM","112,597"
"2018-04-06","SAKS.COM","101,303"
"2018-04-07","BARNEYS NEW YORK","36,336"
"2018-04-07","NORDSTROM","130,857"
"2018-04-07","SAKS.COM","101,406"
"2018-04-08","BARNEYS NEW YORK","27,821"
"2018-04-08","NORDSTROM","149,569"
"2018-04-08","SAKS.COM","131,990"
"2018-04-09","BARNEYS NEW YORK","28,696"
"2018-04-09","NORDSTROM","132,405"
"2018-04-09","SAKS.COM","128,688"
"2018-04-10","BARNEYS NEW YORK","25,745"
"2018-04-10","NORDSTROM","126,755"
"2018-04-10","SAKS.COM","95,203"
"2018-04-11","BARNEYS NEW YORK","28,269"
"2018-04-11","NORDSTROM","135,526"
"2018-04-11","SAKS.COM","60,642"
"2018-04-12","BARNEYS NEW YORK","14,878"
"2018-04-12","NORDSTROM","127,322"
"2018-04-12","SAKS.COM","70,650"
"2018-04-13","BARNEYS NEW YORK","18,371"
"2018-04-13","NORDSTROM","114,709"
"2018-04-13","SAKS.COM","82,833"
"2018-04-14","BARNEYS NEW YORK","30,839"
"2018-04-14","NORDSTROM","133,287"
"2018-04-14","SAKS.COM","89,621"
"2018-04-15","BARNEYS NEW YORK","29,180"
"2018-04-15","NORDSTROM","171,386"
"2018-04-15","SAKS.COM","97,720"
"2018-04-16","BARNEYS NEW YORK","26,249"
"2018-04-16","NORDSTROM","146,568"
"2018-04-16","SAKS.COM","76,360"
"2018-04-17","BARNEYS NEW YORK","30,253"
"2018-04-17","NORDSTROM","117,515"
"2018-04-17","SAKS.COM","54,840"
"2018-04-18","BARNEYS NEW YORK","29,121"
"2018-04-18","NORDSTROM","126,925"
"2018-04-18","SAKS.COM","127,292"
"2018-04-19","BARNEYS NEW YORK","46,570"
"2018-04-19","NORDSTROM","112,826"
"2018-04-19","SAKS.COM","164,956"
"2018-04-20","BARNEYS NEW YORK","27,785"
"2018-04-20","NORDSTROM","111,238"
"2018-04-20","SAKS.COM","104,968"
"2018-04-21","BARNEYS NEW YORK","20,839"
"2018-04-21","NORDSTROM","128,164"
"2018-04-21","SAKS.COM","61,204"
"2018-04-22","BARNEYS NEW YORK","17,203"
"2018-04-22","NORDSTROM","145,583"
"2018-04-22","SAKS.COM","57,346"
"2018-04-23","BARNEYS NEW YORK","32,491"
"2018-04-23","NORDSTROM","133,785"
"2018-04-23","SAKS.COM","77,442"
"2018-04-24","BARNEYS NEW YORK","27,834"
"2018-04-24","NORDSTROM","118,361"
"2018-04-24","SAKS.COM","85,644"
"2018-04-25","BARNEYS NEW YORK","23,793"
"2018-04-25","NORDSTROM","116,840"
"2018-04-25","SAKS.COM","73,962"
"2018-04-26","BARNEYS NEW YORK","33,911"
"2018-04-26","NORDSTROM","120,140"
"2018-04-26","SAKS.COM","98,959"
"2018-04-27","BARNEYS NEW YORK","23,442"
"2018-04-27","NORDSTROM","123,042"
"2018-04-27","SAKS.COM","89,427"
"2018-04-28","BARNEYS NEW YORK","37,822"
"2018-04-28","NORDSTROM","118,230"
"2018-04-28","SAKS.COM","68,325"
"2018-04-29","BARNEYS NEW YORK","26,687"
"2018-04-29","NORDSTROM","129,938"
"2018-04-29","SAKS.COM","110,941"
"2018-04-30","BARNEYS NEW YORK","22,019"
"2018-04-30","NORDSTROM","134,376"
"2018-04-30","SAKS.COM","150,228"
"2018-05-01","BARNEYS NEW YORK","20,292"
"2018-05-01","NORDSTROM","126,945"
"2018-05-01","SAKS.COM","97,096"
"2018-05-02","BARNEYS NEW YORK","39,672"
"2018-05-02","NORDSTROM","133,906"
"2018-05-02","SAKS.COM","132,536"
"2018-05-03","BARNEYS NEW YORK","29,729"
"2018-05-03","NORDSTROM","123,035"
"2018-05-03","SAKS.COM","144,869"
"2018-05-04","BARNEYS NEW YORK","22,772"
"2018-05-04","NORDSTROM","128,253"
"2018-05-04","SAKS.COM","147,940"
"2018-05-05","BARNEYS NEW YORK","20,916"
"2018-05-05","NORDSTROM","109,367"
"2018-05-05","SAKS.COM","57,290"
"2018-05-06","BARNEYS NEW YORK","28,650"
"2018-05-06","NORDSTROM","125,839"
"2018-05-06","SAKS.COM","74,646"
"2018-05-07","BARNEYS NEW YORK","26,120"
"2018-05-07","NORDSTROM","112,169"
"2018-05-07","SAKS.COM","120,265"
"2018-05-08","BARNEYS NEW YORK","36,652"
"2018-05-08","NORDSTROM","114,170"
"2018-05-08","SAKS.COM","122,380"
"2018-05-09","BARNEYS NEW YORK","24,275"
"2018-05-09","NORDSTROM","122,159"
"2018-05-09","SAKS.COM","111,807"
"2018-05-10","BARNEYS NEW YORK","32,627"
"2018-05-10","NORDSTROM","132,121"
"2018-05-10","SAKS.COM","107,584"
"2018-05-11","BARNEYS NEW YORK","40,018"
"2018-05-11","NORDSTROM","117,066"
"2018-05-11","SAKS.COM","119,403"
"2018-05-12","BARNEYS NEW YORK","37,011"
"2018-05-12","NORDSTROM","118,666"
"2018-05-12","SAKS.COM","94,570"
"2018-05-13","BARNEYS NEW YORK","33,709"
"2018-05-13","NORDSTROM","130,556"
"2018-05-13","SAKS.COM","106,313"
"2018-05-14","BARNEYS NEW YORK","44,232"
"2018-05-14","NORDSTROM","132,656"
"2018-05-14","SAKS.COM","122,884"
"2018-05-15","BARNEYS NEW YORK","52,424"
"2018-05-15","NORDSTROM","122,866"
"2018-05-15","SAKS.COM","140,165"
"2018-05-16","BARNEYS NEW YORK","39,581"
"2018-05-16","NORDSTROM","146,297"
"2018-05-16","SAKS.COM","95,997"
"2018-05-17","BARNEYS NEW YORK","52,681"
"2018-05-17","NORDSTROM","116,910"
"2018-05-17","SAKS.COM","107,211"
"2018-05-18","BARNEYS NEW YORK","30,353"
"2018-05-18","NORDSTROM","136,437"
"2018-05-18","SAKS.COM","101,531"
"2018-05-19","BARNEYS NEW YORK","45,923"
"2018-05-19","NORDSTROM","115,776"
"2018-05-19","SAKS.COM","100,347"
"2018-05-20","BARNEYS NEW YORK","29,119"
"2018-05-20","NORDSTROM","151,860"
"2018-05-20","SAKS.COM","165,209"
"2018-05-21","BARNEYS NEW YORK","27,539"
"2018-05-21","NORDSTROM","153,153"
"2018-05-21","SAKS.COM","118,198"
"2018-05-22","BARNEYS NEW YORK","152,215"
"2018-05-22","NORDSTROM","189,934"
"2018-05-22","SAKS.COM","204,318"
"2018-05-23","BARNEYS NEW YORK","86,991"
"2018-05-23","NORDSTROM","251,193"
"2018-05-23","SAKS.COM","204,888"
"2018-05-24","BARNEYS NEW YORK","115,869"
"2018-05-24","NORDSTROM","229,504"
"2018-05-24","SAKS.COM","165,138"
"2018-05-25","BARNEYS NEW YORK","84,901"
"2018-05-25","NORDSTROM","197,519"
"2018-05-25","SAKS.COM","123,189"
"2018-05-26","BARNEYS NEW YORK","78,200"
"2018-05-26","NORDSTROM","183,751"
"2018-05-26","SAKS.COM","120,756"
"2018-05-27","BARNEYS NEW YORK","75,465"
"2018-05-27","NORDSTROM","188,265"
"2018-05-27","SAKS.COM","122,339"
"2018-05-28","BARNEYS NEW YORK","65,441"
"2018-05-28","NORDSTROM","194,155"
"2018-05-28","SAKS.COM","131,164"
"2018-05-29","BARNEYS NEW YORK","71,975"
"2018-05-29","NORDSTROM","178,817"
"2018-05-29","SAKS.COM","98,510"
"2018-05-30","BARNEYS NEW YORK","53,852"
"2018-05-30","NORDSTROM","140,516"
"2018-05-30","SAKS.COM","126,970"
"2018-05-31","BARNEYS NEW YORK","64,864"
"2018-05-31","NORDSTROM","137,944"
"2018-05-31","SAKS.COM","92,193"
"2018-06-01","BARNEYS NEW YORK","33,991"
"2018-06-01","NORDSTROM","142,657"
"2018-06-01","SAKS.COM","112,829"
"2018-06-02","BARNEYS NEW YORK","69,764"
"2018-06-02","NORDSTROM","152,886"
"2018-06-02","SAKS.COM","96,661"
"2018-06-03","BARNEYS NEW YORK","57,069"
"2018-06-03","NORDSTROM","163,574"
"2018-06-03","SAKS.COM","136,970"
"2018-06-04","BARNEYS NEW YORK","55,595"
"2018-06-04","NORDSTROM","167,327"
"2018-06-04","SAKS.COM","116,425"
"2018-06-05","BARNEYS NEW YORK","42,278"
"2018-06-05","NORDSTROM","154,608"
"2018-06-05","SAKS.COM","88,032"
"2018-06-06","BARNEYS NEW YORK","213,884"
"2018-06-06","NORDSTROM","147,986"
"2018-06-06","SAKS.COM","128,421"
"2018-06-07","BARNEYS NEW YORK","209,445"
"2018-06-07","NORDSTROM","120,435"
"2018-06-07","SAKS.COM","101,819"
"2018-06-08","BARNEYS NEW YORK","77,387"
"2018-06-08","NORDSTROM","133,839"
"2018-06-08","SAKS.COM","113,131"
"2018-06-09","BARNEYS NEW YORK","70,679"
"2018-06-09","NORDSTROM","122,007"
"2018-06-09","SAKS.COM","103,222"
"2018-06-10","BARNEYS NEW YORK","55,979"
"2018-06-10","NORDSTROM","143,445"
"2018-06-10","SAKS.COM","114,230"
"2018-06-11","BARNEYS NEW YORK","64,467"
"2018-06-11","NORDSTROM","118,310"
"2018-06-11","SAKS.COM","192,663"
"2018-06-12","BARNEYS NEW YORK","58,064"
"2018-06-12","NORDSTROM","136,309"
"2018-06-12","SAKS.COM","290,369"
"2018-06-13","BARNEYS NEW YORK","75,141"
"2018-06-13","NORDSTROM","138,377"
"2018-06-13","SAKS.COM","227,475"
"2018-06-14","BARNEYS NEW YORK","76,363"
"2018-06-14","NORDSTROM","119,216"
"2018-06-14","SAKS.COM","166,633"
"2018-06-15","BARNEYS NEW YORK","47,851"
"2018-06-15","NORDSTROM","105,389"
"2018-06-15","SAKS.COM","139,142"
"2018-06-16","BARNEYS NEW YORK","40,022"
"2018-06-16","NORDSTROM","102,934"
"2018-06-16","SAKS.COM","122,128"
"2018-06-17","BARNEYS NEW YORK","43,939"
"2018-06-17","NORDSTROM","122,219"
"2018-06-17","SAKS.COM","107,972"
"2018-06-18","BARNEYS NEW YORK","49,700"
"2018-06-18","NORDSTROM","105,648"
"2018-06-18","SAKS.COM","109,656"
"2018-06-19","BARNEYS NEW YORK","72,518"
"2018-06-19","NORDSTROM","126,452"
"2018-06-19","SAKS.COM","121,818"
"2018-06-20","BARNEYS NEW YORK","92,634"
"2018-06-20","NORDSTROM","118,329"
"2018-06-20","SAKS.COM","150,410"
"2018-06-21","BARNEYS NEW YORK","67,282"
"2018-06-21","NORDSTROM","105,949"
"2018-06-21","SAKS.COM","126,959"
"2018-06-22","BARNEYS NEW YORK","65,211"
"2018-06-22","NORDSTROM","106,275"
"2018-06-22","SAKS.COM","137,556"
"2018-06-23","BARNEYS NEW YORK","58,963"
"2018-06-23","NORDSTROM","111,111"
"2018-06-23","SAKS.COM","109,847"
"2018-06-24","BARNEYS NEW YORK","63,755"
"2018-06-24","NORDSTROM","111,208"
"2018-06-24","SAKS.COM","78,354"
"2018-06-25","BARNEYS NEW YORK","42,551"
"2018-06-25","NORDSTROM","117,419"
"2018-06-25","SAKS.COM","124,175"
"2018-06-26","BARNEYS NEW YORK","44,903"
"2018-06-26","NORDSTROM","118,768"
"2018-06-26","SAKS.COM","155,402"
"2018-06-27","BARNEYS NEW YORK","53,025"
"2018-06-27","NORDSTROM","108,946"
"2018-06-27","SAKS.COM","167,670"
"2018-06-28","BARNEYS NEW YORK","135,043"
"2018-06-28","NORDSTROM","113,215"
"2018-06-28","SAKS.COM","120,113"
"2018-06-29","BARNEYS NEW YORK","72,380"
"2018-06-29","NORDSTROM","116,385"
"2018-06-29","SAKS.COM","107,942"
"2018-06-30","BARNEYS NEW YORK","55,726"
"2018-06-30","NORDSTROM","106,599"
"2018-06-30","SAKS.COM","197,716"
"2018-07-01","BARNEYS NEW YORK","57,093"
"2018-07-01","NORDSTROM","87,569"
"2018-07-01","SAKS.COM","125,842"
"2018-07-02","BARNEYS NEW YORK","65,658"
"2018-07-02","NORDSTROM","98,155"
"2018-07-02","SAKS.COM","106,551"
"2018-07-03","BARNEYS NEW YORK","70,745"
"2018-07-03","NORDSTROM","96,822"
"2018-07-03","SAKS.COM","114,432"
"2018-07-04","BARNEYS NEW YORK","54,841"
"2018-07-04","NORDSTROM","107,471"
"2018-07-04","SAKS.COM","110,289"
"2018-07-05","BARNEYS NEW YORK","52,859"
"2018-07-05","NORDSTROM","108,312"
"2018-07-05","SAKS.COM","112,143"
"2018-07-06","BARNEYS NEW YORK","60,258"
"2018-07-06","NORDSTROM","101,439"
"2018-07-06","SAKS.COM","103,176"
"2018-07-07","BARNEYS NEW YORK","58,487"
"2018-07-07","NORDSTROM","99,888"
"2018-07-07","SAKS.COM","77,549"
"2018-07-08","BARNEYS NEW YORK","64,305"
"2018-07-08","NORDSTROM","101,723"
"2018-07-08","SAKS.COM","79,026"
"2018-07-09","BARNEYS NEW YORK","72,554"
"2018-07-09","NORDSTROM","104,020"
"2018-07-09","SAKS.COM","126,538"
"2018-07-10","BARNEYS NEW YORK","65,937"
"2018-07-10","NORDSTROM","78,944"
"2018-07-10","SAKS.COM","99,108"
"2018-07-11","BARNEYS NEW YORK","54,900"
"2018-07-11","NORDSTROM","95,206"
"2018-07-11","SAKS.COM","107,877"
"2018-07-12","BARNEYS NEW YORK","46,694"
"2018-07-12","NORDSTROM","98,960"
"2018-07-12","SAKS.COM","99,337"
"2018-07-13","BARNEYS NEW YORK","112,185"
"2018-07-13","NORDSTROM","104,176"
"2018-07-13","SAKS.COM","87,279"
"2018-07-14","BARNEYS NEW YORK","61,829"
"2018-07-14","NORDSTROM","89,063"
"2018-07-14","SAKS.COM","73,055"
"2018-07-15","BARNEYS NEW YORK","34,543"
"2018-07-15","NORDSTROM","87,828"
"2018-07-15","SAKS.COM","86,633"
"2018-07-16","BARNEYS NEW YORK","27,883"
"2018-07-16","NORDSTROM","96,203"
"2018-07-16","SAKS.COM","81,758"
"2018-07-17","BARNEYS NEW YORK","29,273"
"2018-07-17","NORDSTROM","117,006"
"2018-07-17","SAKS.COM","90,318"
"2018-07-18","BARNEYS NEW YORK","54,524"
"2018-07-18","NORDSTROM","104,787"
"2018-07-18","SAKS.COM","81,507"
"2018-07-19","BARNEYS NEW YORK","62,126"
"2018-07-19","NORDSTROM","99,172"
"2018-07-19","SAKS.COM","87,253"
"2018-07-20","BARNEYS NEW YORK","60,863"
"2018-07-20","NORDSTROM","441,397"
"2018-07-20","SAKS.COM","76,176"
"2018-07-21","BARNEYS NEW YORK","73,145"
"2018-07-21","NORDSTROM","271,113"
"2018-07-21","SAKS.COM","72,943"
"2018-07-22","BARNEYS NEW YORK","38,498"
"2018-07-22","NORDSTROM","224,024"
"2018-07-22","SAKS.COM","81,699"
"2018-07-23","BARNEYS NEW YORK","77,820"
"2018-07-23","NORDSTROM","179,288"
"2018-07-23","SAKS.COM","90,385"
"2018-07-24","BARNEYS NEW YORK","61,945"
"2018-07-24","NORDSTROM","169,877"
"2018-07-24","SAKS.COM","89,733"
"2018-07-25","BARNEYS NEW YORK","132,738"
"2018-07-25","NORDSTROM","142,149"
"2018-07-25","SAKS.COM","116,937"
"2018-07-26","BARNEYS NEW YORK","59,820"
"2018-07-26","NORDSTROM","160,678"
"2018-07-26","SAKS.COM","109,064"
"2018-07-27","BARNEYS NEW YORK","55,305"
"2018-07-27","NORDSTROM","140,337"
"2018-07-27","SAKS.COM","77,313"
"2018-07-28","BARNEYS NEW YORK","46,724"
"2018-07-28","NORDSTROM","131,436"
"2018-07-28","SAKS.COM","65,484"
"2018-07-29","BARNEYS NEW YORK","48,027"
"2018-07-29","NORDSTROM","148,738"
"2018-07-29","SAKS.COM","56,701"
"2018-07-30","BARNEYS NEW YORK","56,058"
"2018-07-30","NORDSTROM","145,781"
"2018-07-30","SAKS.COM","76,209"
"2018-07-31","BARNEYS NEW YORK","56,819"
"2018-07-31","NORDSTROM","151,080"
"2018-07-31","SAKS.COM","75,159"
"2018-08-01","BARNEYS NEW YORK","57,877"
"2018-08-01","NORDSTROM","156,088"
"2018-08-01","SAKS.COM","91,304"
"2018-08-02","BARNEYS NEW YORK","40,878"
"2018-08-02","NORDSTROM","156,701"
"2018-08-02","SAKS.COM","92,051"
"2018-08-03","BARNEYS NEW YORK","58,874"
"2018-08-03","NORDSTROM","180,680"
"2018-08-03","SAKS.COM","88,280"
"2018-08-04","BARNEYS NEW YORK","45,063"
"2018-08-04","NORDSTROM","173,333"
"2018-08-04","SAKS.COM","78,239"
"2018-08-05","BARNEYS NEW YORK","37,698"
"2018-08-05","NORDSTROM","178,800"
"2018-08-05","SAKS.COM","72,812"
"2018-08-06","BARNEYS NEW YORK","45,437"
"2018-08-06","NORDSTROM","153,824"
"2018-08-06","SAKS.COM","75,187"
"2018-08-07","BARNEYS NEW YORK","63,668"
"2018-08-07","NORDSTROM","98,627"
"2018-08-07","SAKS.COM","79,572"
"2018-08-08","BARNEYS NEW YORK","39,562"
"2018-08-08","NORDSTROM","109,367"
"2018-08-08","SAKS.COM","86,764"
"2018-08-09","BARNEYS NEW YORK","44,995"
"2018-08-09","NORDSTROM","93,690"
"2018-08-09","SAKS.COM","58,126"
"2018-08-10","BARNEYS NEW YORK","39,374"
"2018-08-10","NORDSTROM","87,667"
"2018-08-10","SAKS.COM","66,513"
"2018-08-11","BARNEYS NEW YORK","39,048"
"2018-08-11","NORDSTROM","96,845"
"2018-08-11","SAKS.COM","65,878"
"2018-08-12","BARNEYS NEW YORK","35,424"
"2018-08-12","NORDSTROM","91,964"
"2018-08-12","SAKS.COM","78,100"
"2018-08-13","BARNEYS NEW YORK","34,199"
"2018-08-13","NORDSTROM","108,381"
"2018-08-13","SAKS.COM","110,351"
"2018-08-14","BARNEYS NEW YORK","42,349"
"2018-08-14","NORDSTROM","105,256"
"2018-08-14","SAKS.COM","108,832"
"2018-08-15","BARNEYS NEW YORK","31,621"
"2018-08-15","NORDSTROM","106,605"
"2018-08-15","SAKS.COM","140,458"
"2018-08-16","BARNEYS NEW YORK","31,368"
"2018-08-16","NORDSTROM","95,168"
"2018-08-16","SAKS.COM","101,996"
"2018-08-17","BARNEYS NEW YORK","34,619"
"2018-08-17","NORDSTROM","95,682"
"2018-08-17","SAKS.COM","84,900"
"2018-08-18","BARNEYS NEW YORK","32,609"
"2018-08-18","NORDSTROM","88,167"
"2018-08-18","SAKS.COM","73,424"
"2018-08-19","BARNEYS NEW YORK","33,774"
"2018-08-19","NORDSTROM","91,788"
"2018-08-19","SAKS.COM","60,772"
"2018-08-20","BARNEYS NEW YORK","35,748"
"2018-08-20","NORDSTROM","101,373"
"2018-08-20","SAKS.COM","78,700"
"2018-08-21","BARNEYS NEW YORK","31,379"
"2018-08-21","NORDSTROM","110,137"
"2018-08-21","SAKS.COM","76,204"
"2018-08-22","BARNEYS NEW YORK","37,711"
"2018-08-22","NORDSTROM","119,550"
"2018-08-22","SAKS.COM","78,147"
"2018-08-23","BARNEYS NEW YORK","54,579"
"2018-08-23","NORDSTROM","109,063"
"2018-08-23","SAKS.COM","82,852"
"2018-08-24","BARNEYS NEW YORK","42,614"
"2018-08-24","NORDSTROM","108,119"
"2018-08-24","SAKS.COM","67,589"
"2018-08-25","BARNEYS NEW YORK","29,248"
"2018-08-25","NORDSTROM","91,756"
"2018-08-25","SAKS.COM","59,938"
"2018-08-26","BARNEYS NEW YORK","30,805"
"2018-08-26","NORDSTROM","121,012"
"2018-08-26","SAKS.COM","84,212"
"2018-08-27","BARNEYS NEW YORK","37,100"
"2018-08-27","NORDSTROM","112,044"
"2018-08-27","SAKS.COM","88,773"
"2018-08-28","BARNEYS NEW YORK","46,559"
"2018-08-28","NORDSTROM","119,887"
"2018-08-28","SAKS.COM","98,925"
"2018-08-29","BARNEYS NEW YORK","41,849"
"2018-08-29","NORDSTROM","126,105"
"2018-08-29","SAKS.COM","65,027"
"2018-08-30","BARNEYS NEW YORK","39,669"
"2018-08-30","NORDSTROM","126,910"
"2018-08-30","SAKS.COM","72,678"
"2018-08-31","BARNEYS NEW YORK","34,813"
"2018-08-31","NORDSTROM","140,483"
"2018-08-31","SAKS.COM","95,558"
"2018-09-01","BARNEYS NEW YORK","45,189"
"2018-09-01","NORDSTROM","142,530"
"2018-09-01","SAKS.COM","86,620"
"2018-09-02","BARNEYS NEW YORK","34,383"
"2018-09-02","NORDSTROM","139,113"
"2018-09-02","SAKS.COM","82,467"
"2018-09-03","BARNEYS NEW YORK","33,932"
"2018-09-03","NORDSTROM","144,452"
"2018-09-03","SAKS.COM","85,981"
"2018-09-04","BARNEYS NEW YORK","33,010"
"2018-09-04","NORDSTROM","133,000"
"2018-09-04","SAKS.COM","77,272"
"2018-09-05","BARNEYS NEW YORK","36,586"
"2018-09-05","NORDSTROM","105,062"
"2018-09-05","SAKS.COM","93,121"
"2018-09-06","BARNEYS NEW YORK","38,554"
"2018-09-06","NORDSTROM","118,509"
"2018-09-06","SAKS.COM","108,061"
"2018-09-07","BARNEYS NEW YORK","35,226"
"2018-09-07","NORDSTROM","109,130"
"2018-09-07","SAKS.COM","116,060"
"2018-09-08","BARNEYS NEW YORK","34,890"
"2018-09-08","NORDSTROM","112,348"
"2018-09-08","SAKS.COM","71,868"
"2018-09-09","BARNEYS NEW YORK","34,895"
"2018-09-09","NORDSTROM","127,199"
"2018-09-09","SAKS.COM","81,698"
"2018-09-10","BARNEYS NEW YORK","21,198"
"2018-09-10","NORDSTROM","137,669"
"2018-09-10","SAKS.COM","76,875"
"2018-09-11","BARNEYS NEW YORK","28,023"
"2018-09-11","NORDSTROM","122,589"
"2018-09-11","SAKS.COM","76,118"
"2018-09-12","BARNEYS NEW YORK","54,941"
"2018-09-12","NORDSTROM","96,872"
"2018-09-12","SAKS.COM","75,774"
"2018-09-13","BARNEYS NEW YORK","40,279"
"2018-09-13","NORDSTROM","100,673"
"2018-09-13","SAKS.COM","92,603"
"2018-09-14","BARNEYS NEW YORK","43,720"
"2018-09-14","NORDSTROM","78,106"
"2018-09-14","SAKS.COM","77,049"
"2018-09-15","BARNEYS NEW YORK","36,654"
"2018-09-15","NORDSTROM","112,369"
"2018-09-15","SAKS.COM","73,046"
"2018-09-16","BARNEYS NEW YORK","27,801"
"2018-09-16","NORDSTROM","111,543"
"2018-09-16","SAKS.COM","60,354"
"2018-09-17","BARNEYS NEW YORK","27,326"
"2018-09-17","NORDSTROM","120,435"
"2018-09-17","SAKS.COM","79,181"
"2018-09-18","BARNEYS NEW YORK","40,955"
"2018-09-18","NORDSTROM","126,435"
"2018-09-18","SAKS.COM","83,809"
"2018-09-19","BARNEYS NEW YORK","35,490"
"2018-09-19","NORDSTROM","104,819"
"2018-09-19","SAKS.COM","83,896"
"2018-09-20","BARNEYS NEW YORK","30,309"
"2018-09-20","NORDSTROM","92,358"
"2018-09-20","SAKS.COM","94,866"
"2018-09-21","BARNEYS NEW YORK","29,028"
"2018-09-21","NORDSTROM","115,540"
"2018-09-21","SAKS.COM","110,373"
"2018-09-22","BARNEYS NEW YORK","24,189"
"2018-09-22","NORDSTROM","109,416"
"2018-09-22","SAKS.COM","81,975"
"2018-09-23","BARNEYS NEW YORK","30,648"
"2018-09-23","NORDSTROM","139,395"
"2018-09-23","SAKS.COM","67,366"
"2018-09-24","BARNEYS NEW YORK","16,706"
"2018-09-24","NORDSTROM","215,641"
"2018-09-24","SAKS.COM","68,813"
"2018-09-25","BARNEYS NEW YORK","26,582"
"2018-09-25","NORDSTROM","122,336"
"2018-09-25","SAKS.COM","48,551"
"2018-09-26","BARNEYS NEW YORK","37,616"
"2018-09-26","NORDSTROM","119,022"
"2018-09-26","SAKS.COM","61,933"
"2018-09-27","BARNEYS NEW YORK","38,927"
"2018-09-27","NORDSTROM","104,441"
"2018-09-27","SAKS.COM","71,222"
"2018-09-28","BARNEYS NEW YORK","24,015"
"2018-09-28","NORDSTROM","103,767"
"2018-09-28","SAKS.COM","62,147"
"2018-09-29","BARNEYS NEW YORK","31,800"
"2018-09-29","NORDSTROM","116,855"
"2018-09-29","SAKS.COM","60,387"
"2018-09-30","BARNEYS NEW YORK","29,681"
"2018-09-30","NORDSTROM","129,092"
"2018-09-30","SAKS.COM","58,169"
"2018-10-01","BARNEYS NEW YORK","31,848"
"2018-10-01","NORDSTROM","133,136"
"2018-10-01","SAKS.COM","117,804"
"2018-10-02","BARNEYS NEW YORK","33,074"
"2018-10-02","NORDSTROM","124,208"
"2018-10-02","SAKS.COM","90,542"
"2018-10-03","BARNEYS NEW YORK","54,490"
"2018-10-03","NORDSTROM","128,736"
"2018-10-03","SAKS.COM","79,111"
"2018-10-04","BARNEYS NEW YORK","40,080"
"2018-10-04","NORDSTROM","109,456"
"2018-10-04","SAKS.COM","87,616"
"2018-10-05","BARNEYS NEW YORK","50,712"
"2018-10-05","NORDSTROM","106,392"
"2018-10-05","SAKS.COM","90,302"
"2018-10-06","BARNEYS NEW YORK","42,963"
"2018-10-06","NORDSTROM","102,246"
"2018-10-06","SAKS.COM","80,170"
"2018-10-07","BARNEYS NEW YORK","31,549"
"2018-10-07","NORDSTROM","106,209"
"2018-10-07","SAKS.COM","85,222"
"2018-10-08","BARNEYS NEW YORK","39,700"
"2018-10-08","NORDSTROM","125,291"
"2018-10-08","SAKS.COM","131,502"
"2018-10-09","BARNEYS NEW YORK","18,810"
"2018-10-09","NORDSTROM","109,237"
"2018-10-09","SAKS.COM","68,990"
"2018-10-10","BARNEYS NEW YORK","33,952"
"2018-10-10","NORDSTROM","107,049"
"2018-10-10","SAKS.COM","69,877"
"2018-10-11","BARNEYS NEW YORK","43,378"
"2018-10-11","NORDSTROM","101,930"
"2018-10-11","SAKS.COM","108,418"
"2018-10-12","BARNEYS NEW YORK","28,811"
"2018-10-12","NORDSTROM","105,901"
"2018-10-12","SAKS.COM","134,340"
"2018-10-13","BARNEYS NEW YORK","21,152"
"2018-10-13","NORDSTROM","104,832"
"2018-10-13","SAKS.COM","113,634"
"2018-10-14","BARNEYS NEW YORK","25,049"
"2018-10-14","NORDSTROM","116,926"
"2018-10-14","SAKS.COM","73,129"
"2018-10-15","BARNEYS NEW YORK","22,897"
"2018-10-15","NORDSTROM","120,099"
"2018-10-15","SAKS.COM","106,719"
"2018-10-16","BARNEYS NEW YORK","36,260"
"2018-10-16","NORDSTROM","117,477"
"2018-10-16","SAKS.COM","111,347"
"2018-10-17","BARNEYS NEW YORK","25,772"
"2018-10-17","NORDSTROM","135,663"
"2018-10-17","SAKS.COM","145,913"
"2018-10-18","BARNEYS NEW YORK","52,867"
"2018-10-18","NORDSTROM","120,276"
"2018-10-18","SAKS.COM","128,357"
"2018-10-19","BARNEYS NEW YORK","30,027"
"2018-10-19","NORDSTROM","111,936"
"2018-10-19","SAKS.COM","70,678"
"2018-10-20","BARNEYS NEW YORK","28,634"
"2018-10-20","NORDSTROM","112,578"
"2018-10-20","SAKS.COM","66,511"
"2018-10-21","BARNEYS NEW YORK","34,015"
"2018-10-21","NORDSTROM","131,354"
"2018-10-21","SAKS.COM","86,680"
"2018-10-22","BARNEYS NEW YORK","19,258"
"2018-10-22","NORDSTROM","170,081"
"2018-10-22","SAKS.COM","96,627"
"2018-10-23","BARNEYS NEW YORK","27,791"
"2018-10-23","NORDSTROM","125,567"
"2018-10-23","SAKS.COM","69,302"
"2018-10-24","BARNEYS NEW YORK","25,067"
"2018-10-24","NORDSTROM","94,879"
"2018-10-24","SAKS.COM","86,962"
"2018-10-25","BARNEYS NEW YORK","72,481"
"2018-10-25","NORDSTROM","113,917"
"2018-10-25","SAKS.COM","69,786"
"2018-10-26","BARNEYS NEW YORK","36,574"
"2018-10-26","NORDSTROM","118,383"
"2018-10-26","SAKS.COM","81,022"
"2018-10-27","BARNEYS NEW YORK","43,770"
"2018-10-27","NORDSTROM","119,374"
"2018-10-27","SAKS.COM","62,361"
"2018-10-28","BARNEYS NEW YORK","44,697"
"2018-10-28","NORDSTROM","132,350"
"2018-10-28","SAKS.COM","65,634"
"2018-10-29","BARNEYS NEW YORK","32,661"
"2018-10-29","NORDSTROM","134,676"
"2018-10-29","SAKS.COM","49,957"
"2018-10-30","BARNEYS NEW YORK","22,441"
"2018-10-30","NORDSTROM","113,453"
"2018-10-30","SAKS.COM","78,917"
"2018-10-31","BARNEYS NEW YORK","25,017"
"2018-10-31","NORDSTROM","105,307"
"2018-10-31","SAKS.COM","108,153"
"2018-11-01","BARNEYS NEW YORK","31,564"
"2018-11-01","NORDSTROM","110,076"
"2018-11-01","SAKS.COM","101,290"
"2018-11-02","BARNEYS NEW YORK","26,349"
"2018-11-02","NORDSTROM","102,458"
"2018-11-02","SAKS.COM","74,223"
"2018-11-03","BARNEYS NEW YORK","30,971"
"2018-11-03","NORDSTROM","110,010"
"2018-11-03","SAKS.COM","60,919"
"2018-11-04","BARNEYS NEW YORK","25,135"
"2018-11-04","NORDSTROM","138,848"
"2018-11-04","SAKS.COM","128,029"
"2018-11-05","BARNEYS NEW YORK","26,065"
"2018-11-05","NORDSTROM","141,406"
"2018-11-05","SAKS.COM","103,297"
"2018-11-06","BARNEYS NEW YORK","33,730"
"2018-11-06","NORDSTROM","116,838"
"2018-11-06","SAKS.COM","120,297"
"2018-11-07","BARNEYS NEW YORK","28,605"
"2018-11-07","NORDSTROM","111,664"
"2018-11-07","SAKS.COM","95,610"
"2018-11-08","BARNEYS NEW YORK","29,560"
"2018-11-08","NORDSTROM","129,003"
"2018-11-08","SAKS.COM","85,989"
"2018-11-09","BARNEYS NEW YORK","32,590"
"2018-11-09","NORDSTROM","161,893"
"2018-11-09","SAKS.COM","74,140"
"2018-11-10","BARNEYS NEW YORK","36,494"
"2018-11-10","NORDSTROM","178,911"
"2018-11-10","SAKS.COM","76,564"
"2018-11-11","BARNEYS NEW YORK","54,025"
"2018-11-11","NORDSTROM","206,842"
"2018-11-11","SAKS.COM","73,852"
"2018-11-12","BARNEYS NEW YORK","20,276"
"2018-11-12","NORDSTROM","145,918"
"2018-11-12","SAKS.COM","74,270"
"2018-11-13","BARNEYS NEW YORK","24,855"
"2018-11-13","NORDSTROM","140,684"
"2018-11-13","SAKS.COM","77,918"
"2018-11-14","BARNEYS NEW YORK","75,881"
"2018-11-14","NORDSTROM","171,484"
"2018-11-14","SAKS.COM","71,308"
"2018-11-15","BARNEYS NEW YORK","41,015"
"2018-11-15","NORDSTROM","127,924"
"2018-11-15","SAKS.COM","67,803"
"2018-11-16","BARNEYS NEW YORK","44,518"
"2018-11-16","NORDSTROM","119,841"
"2018-11-16","SAKS.COM","91,912"
"2018-11-17","BARNEYS NEW YORK","45,055"
"2018-11-17","NORDSTROM","137,310"
"2018-11-17","SAKS.COM","68,823"
"2018-11-18","BARNEYS NEW YORK","40,474"
"2018-11-18","NORDSTROM","151,682"
"2018-11-18","SAKS.COM","108,418"
"2018-11-19","BARNEYS NEW YORK","114,565"
"2018-11-19","NORDSTROM","137,674"
"2018-11-19","SAKS.COM","140,428"
"2018-11-20","BARNEYS NEW YORK","108,159"
"2018-11-20","NORDSTROM","168,307"
"2018-11-20","SAKS.COM","182,308"
"2018-11-21","BARNEYS NEW YORK","90,182"
"2018-11-21","NORDSTROM","218,042"
"2018-11-21","SAKS.COM","237,023"
"2018-11-22","BARNEYS NEW YORK","185,278"
"2018-11-22","NORDSTROM","292,705"
"2018-11-22","SAKS.COM","201,201"
"2018-11-23","BARNEYS NEW YORK","90,913"
"2018-11-23","NORDSTROM","283,809"
"2018-11-23","SAKS.COM","170,651"
"2018-11-24","BARNEYS NEW YORK","116,709"
"2018-11-24","NORDSTROM","417,496"
"2018-11-24","SAKS.COM","213,763"
"2018-11-25","BARNEYS NEW YORK","242,199"
"2018-11-25","NORDSTROM","271,389"
"2018-11-25","SAKS.COM","140,043"
"2018-11-26","BARNEYS NEW YORK","135,950"
"2018-11-26","NORDSTROM","291,014"
"2018-11-26","SAKS.COM","362,241"
"2018-11-27","BARNEYS NEW YORK","55,916"
"2018-11-27","NORDSTROM","234,563"
"2018-11-27","SAKS.COM","241,855"
"2018-11-28","BARNEYS NEW YORK","30,212"
"2018-11-28","NORDSTROM","141,127"
"2018-11-28","SAKS.COM","86,118"
"2018-11-29","BARNEYS NEW YORK","57,622"
"2018-11-29","NORDSTROM","125,916"
"2018-11-29","SAKS.COM","93,446"
"2018-11-30","BARNEYS NEW YORK","49,432"
"2018-11-30","NORDSTROM","118,545"
"2018-11-30","SAKS.COM","90,651"
"2018-12-01","BARNEYS NEW YORK","34,754"
"2018-12-01","NORDSTROM","118,612"
"2018-12-01","SAKS.COM","90,973"
"2018-12-02","BARNEYS NEW YORK","39,070"
"2018-12-02","NORDSTROM","128,517"
"2018-12-02","SAKS.COM","107,859"
"2018-12-03","BARNEYS NEW YORK","53,150"
"2018-12-03","NORDSTROM","137,297"
"2018-12-03","SAKS.COM","94,648"
"2018-12-04","BARNEYS NEW YORK","79,553"
"2018-12-04","NORDSTROM","146,153"
"2018-12-04","SAKS.COM","101,124"
"2018-12-05","BARNEYS NEW YORK","52,488"
"2018-12-05","NORDSTROM","141,199"
"2018-12-05","SAKS.COM","105,336"
"2018-12-06","BARNEYS NEW YORK","50,590"
"2018-12-06","NORDSTROM","125,488"
"2018-12-06","SAKS.COM","99,146"
"2018-12-07","BARNEYS NEW YORK","58,388"
"2018-12-07","NORDSTROM","126,878"
"2018-12-07","SAKS.COM","110,501"
"2018-12-08","BARNEYS NEW YORK","64,071"
"2018-12-08","NORDSTROM","115,387"
"2018-12-08","SAKS.COM","127,131"
"2018-12-09","BARNEYS NEW YORK","69,905"
"2018-12-09","NORDSTROM","125,593"
"2018-12-09","SAKS.COM","118,291"
"2018-12-10","BARNEYS NEW YORK","46,573"
"2018-12-10","NORDSTROM","159,228"
"2018-12-10","SAKS.COM","159,517"
"2018-12-11","BARNEYS NEW YORK","64,880"
"2018-12-11","NORDSTROM","140,766"
"2018-12-11","SAKS.COM","133,172"
"2018-12-12","BARNEYS NEW YORK","62,986"
"2018-12-12","NORDSTROM","130,472"
"2018-12-12","SAKS.COM","150,892"
"2018-12-13","BARNEYS NEW YORK","54,693"
"2018-12-13","NORDSTROM","135,229"
"2018-12-13","SAKS.COM","156,908"
"2018-12-14","BARNEYS NEW YORK","61,123"
"2018-12-14","NORDSTROM","122,746"
"2018-12-14","SAKS.COM","144,387"
"2018-12-15","BARNEYS NEW YORK","49,573"
"2018-12-15","NORDSTROM","81,083"
"2018-12-15","SAKS.COM","134,935"
"2018-12-16","BARNEYS NEW YORK","40,618"
"2018-12-16","NORDSTROM","89,675"
"2018-12-16","SAKS.COM","135,521"
"2018-12-17","BARNEYS NEW YORK","186,464"
"2018-12-17","NORDSTROM","92,714"
"2018-12-17","SAKS.COM","63,058"
"2018-12-18","BARNEYS NEW YORK","87,542"
"2018-12-18","NORDSTROM","86,457"
"2018-12-18","SAKS.COM","61,555"
"2018-12-19","BARNEYS NEW YORK","68,004"
"2018-12-19","NORDSTROM","81,912"
"2018-12-19","SAKS.COM","57,294"
"2018-12-20","BARNEYS NEW YORK","48,972"
"2018-12-20","NORDSTROM","76,710"
"2018-12-20","SAKS.COM","37,462"
"2018-12-21","BARNEYS NEW YORK","71,425"
"2018-12-21","NORDSTROM","80,251"
"2018-12-21","SAKS.COM","39,983"
"2018-12-22","BARNEYS NEW YORK","79,424"
"2018-12-22","NORDSTROM","68,538"
"2018-12-22","SAKS.COM","42,923"
"2018-12-23","BARNEYS NEW YORK","78,839"
"2018-12-23","NORDSTROM","64,190"
"2018-12-23","SAKS.COM","52,662"
